Apache Maven 3.9.6 (bc0240f3c744dd6b6ec2920b3cd08dcc295161ae)
Maven home: C:\Program Files\Maven\apache-maven-3.9.6
Java version: 17.0.14, vendor: OpenLogic, runtime: C:\Program Files\OpenLogic\jdk-17.0.14.7-hotspot
Default locale: en_US, platform encoding: Cp1252
OS name: "windows 11", version: "10.0", arch: "amd64", family: "windows"
[DEBUG] Created new class realm maven.api
[DEBUG] Importing foreign packages into class realm maven.api
[DEBUG]   Imported: javax.annotation.* < plexus.core
[DEBUG]   Imported: javax.annotation.security.* < plexus.core
[DEBUG]   Imported: javax.inject.* < plexus.core
[DEBUG]   Imported: org.apache.maven.* < plexus.core
[DEBUG]   Imported: org.apache.maven.artifact < plexus.core
[DEBUG]   Imported: org.apache.maven.classrealm < plexus.core
[DEBUG]   Imported: org.apache.maven.cli < plexus.core
[DEBUG]   Imported: org.apache.maven.configuration < plexus.core
[DEBUG]   Imported: org.apache.maven.exception < plexus.core
[DEBUG]   Imported: org.apache.maven.execution < plexus.core
[DEBUG]   Imported: org.apache.maven.execution.scope < plexus.core
[DEBUG]   Imported: org.apache.maven.graph < plexus.core
[DEBUG]   Imported: org.apache.maven.lifecycle < plexus.core
[DEBUG]   Imported: org.apache.maven.model < plexus.core
[DEBUG]   Imported: org.apache.maven.monitor < plexus.core
[DEBUG]   Imported: org.apache.maven.plugin < plexus.core
[DEBUG]   Imported: org.apache.maven.profiles < plexus.core
[DEBUG]   Imported: org.apache.maven.project < plexus.core
[DEBUG]   Imported: org.apache.maven.reporting < plexus.core
[DEBUG]   Imported: org.apache.maven.repository < plexus.core
[DEBUG]   Imported: org.apache.maven.rtinfo < plexus.core
[DEBUG]   Imported: org.apache.maven.settings < plexus.core
[DEBUG]   Imported: org.apache.maven.toolchain < plexus.core
[DEBUG]   Imported: org.apache.maven.usability < plexus.core
[DEBUG]   Imported: org.apache.maven.wagon.* < plexus.core
[DEBUG]   Imported: org.apache.maven.wagon.authentication < plexus.core
[DEBUG]   Imported: org.apache.maven.wagon.authorization < plexus.core
[DEBUG]   Imported: org.apache.maven.wagon.events < plexus.core
[DEBUG]   Imported: org.apache.maven.wagon.observers < plexus.core
[DEBUG]   Imported: org.apache.maven.wagon.proxy < plexus.core
[DEBUG]   Imported: org.apache.maven.wagon.repository < plexus.core
[DEBUG]   Imported: org.apache.maven.wagon.resource < plexus.core
[DEBUG]   Imported: org.codehaus.classworlds < plexus.core
[DEBUG]   Imported: org.codehaus.plexus.* < plexus.core
[DEBUG]   Imported: org.codehaus.plexus.classworlds < plexus.core
[DEBUG]   Imported: org.codehaus.plexus.component < plexus.core
[DEBUG]   Imported: org.codehaus.plexus.configuration < plexus.core
[DEBUG]   Imported: org.codehaus.plexus.container < plexus.core
[DEBUG]   Imported: org.codehaus.plexus.context < plexus.core
[DEBUG]   Imported: org.codehaus.plexus.lifecycle < plexus.core
[DEBUG]   Imported: org.codehaus.plexus.logging < plexus.core
[DEBUG]   Imported: org.codehaus.plexus.personality < plexus.core
[DEBUG]   Imported: org.codehaus.plexus.util.xml.Xpp3Dom < plexus.core
[DEBUG]   Imported: org.codehaus.plexus.util.xml.pull.XmlPullParser < plexus.core
[DEBUG]   Imported: org.codehaus.plexus.util.xml.pull.XmlPullParserException < plexus.core
[DEBUG]   Imported: org.codehaus.plexus.util.xml.pull.XmlSerializer < plexus.core
[DEBUG]   Imported: org.eclipse.aether.* < plexus.core
[DEBUG]   Imported: org.eclipse.aether.artifact < plexus.core
[DEBUG]   Imported: org.eclipse.aether.collection < plexus.core
[DEBUG]   Imported: org.eclipse.aether.deployment < plexus.core
[DEBUG]   Imported: org.eclipse.aether.graph < plexus.core
[DEBUG]   Imported: org.eclipse.aether.impl < plexus.core
[DEBUG]   Imported: org.eclipse.aether.installation < plexus.core
[DEBUG]   Imported: org.eclipse.aether.internal.impl < plexus.core
[DEBUG]   Imported: org.eclipse.aether.metadata < plexus.core
[DEBUG]   Imported: org.eclipse.aether.repository < plexus.core
[DEBUG]   Imported: org.eclipse.aether.resolution < plexus.core
[DEBUG]   Imported: org.eclipse.aether.spi < plexus.core
[DEBUG]   Imported: org.eclipse.aether.transfer < plexus.core
[DEBUG]   Imported: org.eclipse.aether.util < plexus.core
[DEBUG]   Imported: org.eclipse.aether.version < plexus.core
[DEBUG]   Imported: org.fusesource.jansi.* < plexus.core
[DEBUG]   Imported: org.slf4j.* < plexus.core
[DEBUG]   Imported: org.slf4j.event.* < plexus.core
[DEBUG]   Imported: org.slf4j.helpers.* < plexus.core
[DEBUG]   Imported: org.slf4j.spi.* < plexus.core
[DEBUG] Populating class realm maven.api
[DEBUG] Created adapter factory; available factories [file-lock, rwlock-local, semaphore-local, noop]; available name mappers [discriminating, file-gav, file-hgav, file-static, gav, static]
[INFO] Error stacktraces are turned on.
[DEBUG] Message scheme: color
[DEBUG] Message styles: debug info warning error success failure strong mojo project
[DEBUG] Reading global settings from C:\Program Files\Maven\apache-maven-3.9.6\conf\settings.xml
[DEBUG] Reading user settings from C:\Users\Mainswitch\.m2\settings.xml
[DEBUG] Reading global toolchains from C:\Program Files\Maven\apache-maven-3.9.6\conf\toolchains.xml
[DEBUG] Reading user toolchains from C:\Users\Mainswitch\.m2\toolchains.xml
[DEBUG] Using local repository at C:\Users\Mainswitch\.m2\repository
[DEBUG] Using manager EnhancedLocalRepositoryManager with priority 10.0 for C:\Users\Mainswitch\.m2\repository
[INFO] Scanning for projects...
[DEBUG] Creating adapter using nameMapper 'gav' and factory 'rwlock-local'
[DEBUG] Extension realms for project com.example:moabackend:jar:0.0.1-SNAPSHOT: (none)
[DEBUG] Looking up lifecycle mappings for packaging jar from ClassRealm[plexus.core, parent: null]
[DEBUG] Extension realms for project org.springframework.boot:spring-boot-starter-parent:pom:3.4.3: (none)
[DEBUG] Looking up lifecycle mappings for packaging pom from ClassRealm[plexus.core, parent: null]
[DEBUG] Extension realms for project org.springframework.boot:spring-boot-dependencies:pom:3.4.3: (none)
[DEBUG] Looking up lifecycle mappings for packaging pom from ClassRealm[plexus.core, parent: null]
[DEBUG] Resolving plugin prefix spring-boot from [org.apache.maven.plugins, org.codehaus.mojo]
[DEBUG] Resolved plugin prefix spring-boot to org.springframework.boot:spring-boot-maven-plugin from POM com.example:moabackend:jar:0.0.1-SNAPSHOT
[DEBUG] === REACTOR BUILD PLAN ================================================
[DEBUG] Project: com.example:moabackend:jar:0.0.1-SNAPSHOT
[DEBUG] Tasks:   [spring-boot:run]
[DEBUG] Style:   Regular
[DEBUG] =======================================================================
[INFO] 
[INFO] -----------------------< com.example:moabackend >-----------------------
[INFO] Building moabackend 0.0.1-SNAPSHOT
[INFO]   from pom.xml
[INFO] --------------------------------[ jar ]---------------------------------
[DEBUG] Resolving plugin prefix spring-boot from [org.apache.maven.plugins, org.codehaus.mojo]
[DEBUG] Resolved plugin prefix spring-boot to org.springframework.boot:spring-boot-maven-plugin from POM com.example:moabackend:jar:0.0.1-SNAPSHOT
[DEBUG] Lifecycle clean -> [pre-clean, clean, post-clean]
[DEBUG] Lifecycle default -> [validate, initialize, generate-sources, process-sources, generate-resources, process-resources, compile, process-classes, generate-test-sources, process-test-sources, generate-test-resources, process-test-resources, test-compile, process-test-classes, test, prepare-package, package, pre-integration-test, integration-test, post-integration-test, verify, install, deploy]
[DEBUG] Lifecycle site -> [pre-site, site, post-site, site-deploy]
[DEBUG] Lifecycle clean -> [pre-clean, clean, post-clean]
[DEBUG] Lifecycle default -> [validate, initialize, generate-sources, process-sources, generate-resources, process-resources, compile, process-classes, generate-test-sources, process-test-sources, generate-test-resources, process-test-resources, test-compile, process-test-classes, test, prepare-package, package, pre-integration-test, integration-test, post-integration-test, verify, install, deploy]
[DEBUG] Lifecycle site -> [pre-site, site, post-site, site-deploy]
[DEBUG] === PROJECT BUILD PLAN ================================================
[DEBUG] Project:       com.example:moabackend:0.0.1-SNAPSHOT
[DEBUG] Dependencies (collect): []
[DEBUG] Dependencies (resolve): [test]
[DEBUG] Repositories (dependencies): [central (https://repo.maven.apache.org/maven2, default, releases)]
[DEBUG] Repositories (plugins)     : [central (https://repo.maven.apache.org/maven2, default, releases)]
[DEBUG] --- init fork of com.example:moabackend:0.0.1-SNAPSHOT for org.springframework.boot:spring-boot-maven-plugin:3.4.3:run (default-cli) ---
[DEBUG] Dependencies (collect): []
[DEBUG] Dependencies (resolve): [compile, test]
[DEBUG] -----------------------------------------------------------------------
[DEBUG] Goal:          org.apache.maven.plugins:maven-resources-plugin:3.3.1:resources (default-resources)
[DEBUG] Style:         Regular
[DEBUG] Configuration: <?xml version="1.0" encoding="UTF-8"?>
<configuration>
  <addDefaultExcludes default-value="true"/>
  <buildFilters default-value="${project.build.filters}"/>
  <delimiters>
    <delimiter>@</delimiter>
  </delimiters>
  <encoding default-value="${project.build.sourceEncoding}"/>
  <escapeWindowsPaths default-value="true"/>
  <fileNameFiltering default-value="false"/>
  <includeEmptyDirs default-value="false"/>
  <outputDirectory default-value="${project.build.outputDirectory}"/>
  <overwrite default-value="false"/>
  <project default-value="${project}"/>
  <propertiesEncoding>UTF-8</propertiesEncoding>
  <resources default-value="${project.resources}"/>
  <session default-value="${session}"/>
  <skip default-value="false">${maven.resources.skip}</skip>
  <supportMultiLineFiltering default-value="false"/>
  <useBuildFilters default-value="true"/>
  <useDefaultDelimiters default-value="true">false</useDefaultDelimiters>
</configuration>
[DEBUG] -----------------------------------------------------------------------
[DEBUG] Goal:          org.apache.maven.plugins:maven-compiler-plugin:3.11.0:compile (default-compile)
[DEBUG] Style:         Regular
[DEBUG] Configuration: <?xml version="1.0" encoding="UTF-8"?>
<configuration>
  <annotationProcessorPaths>
    <path>
      <groupId>org.projectlombok</groupId>
      <artifactId>lombok</artifactId>
      <version>1.18.30</version>
    </path>
  </annotationProcessorPaths>
  <basedir default-value="${basedir}"/>
  <buildDirectory default-value="${project.build.directory}"/>
  <compilePath default-value="${project.compileClasspathElements}"/>
  <compileSourceRoots default-value="${project.compileSourceRoots}"/>
  <compilerId default-value="javac">${maven.compiler.compilerId}</compilerId>
  <compilerReuseStrategy default-value="${reuseCreated}">${maven.compiler.compilerReuseStrategy}</compilerReuseStrategy>
  <compilerVersion>${maven.compiler.compilerVersion}</compilerVersion>
  <createMissingPackageInfoClass default-value="true">${maven.compiler.createMissingPackageInfoClass}</createMissingPackageInfoClass>
  <debug default-value="true">${maven.compiler.debug}</debug>
  <debugFileName default-value="javac"/>
  <debuglevel>${maven.compiler.debuglevel}</debuglevel>
  <enablePreview default-value="false">${maven.compiler.enablePreview}</enablePreview>
  <encoding default-value="${project.build.sourceEncoding}">${encoding}</encoding>
  <executable>${maven.compiler.executable}</executable>
  <failOnError default-value="true">${maven.compiler.failOnError}</failOnError>
  <failOnWarning default-value="false">${maven.compiler.failOnWarning}</failOnWarning>
  <forceJavacCompilerUse default-value="false">${maven.compiler.forceJavacCompilerUse}</forceJavacCompilerUse>
  <fork default-value="false">${maven.compiler.fork}</fork>
  <generatedSourcesDirectory default-value="${project.build.directory}/generated-sources/annotations"/>
  <implicit>${maven.compiler.implicit}</implicit>
  <maxmem>${maven.compiler.maxmem}</maxmem>
  <meminitial>${maven.compiler.meminitial}</meminitial>
  <mojoExecution default-value="${mojoExecution}"/>
  <optimize default-value="false">${maven.compiler.optimize}</optimize>
  <outputDirectory default-value="${project.build.outputDirectory}"/>
  <parameters default-value="false">true</parameters>
  <project default-value="${project}"/>
  <projectArtifact default-value="${project.artifact}"/>
  <release>${maven.compiler.release}</release>
  <session default-value="${session}"/>
  <showCompilationChanges default-value="false">${maven.compiler.showCompilationChanges}</showCompilationChanges>
  <showDeprecation default-value="false">${maven.compiler.showDeprecation}</showDeprecation>
  <showWarnings default-value="true">${maven.compiler.showWarnings}</showWarnings>
  <skipMain>${maven.main.skip}</skipMain>
  <skipMultiThreadWarning default-value="false">${maven.compiler.skipMultiThreadWarning}</skipMultiThreadWarning>
  <source default-value="1.8">17</source>
  <staleMillis default-value="0">${lastModGranularityMs}</staleMillis>
  <target default-value="1.8">17</target>
  <useIncrementalCompilation default-value="true">${maven.compiler.useIncrementalCompilation}</useIncrementalCompilation>
  <verbose default-value="false">${maven.compiler.verbose}</verbose>
</configuration>
[DEBUG] -----------------------------------------------------------------------
[DEBUG] Goal:          org.apache.maven.plugins:maven-resources-plugin:3.3.1:testResources (default-testResources)
[DEBUG] Style:         Regular
[DEBUG] Configuration: <?xml version="1.0" encoding="UTF-8"?>
<configuration>
  <addDefaultExcludes default-value="true"/>
  <buildFilters default-value="${project.build.filters}"/>
  <delimiters>
    <delimiter>@</delimiter>
  </delimiters>
  <encoding default-value="${project.build.sourceEncoding}"/>
  <escapeWindowsPaths default-value="true"/>
  <fileNameFiltering default-value="false"/>
  <includeEmptyDirs default-value="false"/>
  <outputDirectory default-value="${project.build.testOutputDirectory}"/>
  <overwrite default-value="false"/>
  <project default-value="${project}"/>
  <propertiesEncoding>UTF-8</propertiesEncoding>
  <resources default-value="${project.testResources}"/>
  <session default-value="${session}"/>
  <skip default-value="false">${maven.test.skip}</skip>
  <supportMultiLineFiltering default-value="false"/>
  <useBuildFilters default-value="true"/>
  <useDefaultDelimiters default-value="true">false</useDefaultDelimiters>
</configuration>
[DEBUG] -----------------------------------------------------------------------
[DEBUG] Goal:          org.apache.maven.plugins:maven-compiler-plugin:3.11.0:testCompile (default-testCompile)
[DEBUG] Style:         Regular
[DEBUG] Configuration: <?xml version="1.0" encoding="UTF-8"?>
<configuration>
  <annotationProcessorPaths>
    <path>
      <groupId>org.projectlombok</groupId>
      <artifactId>lombok</artifactId>
      <version>1.18.30</version>
    </path>
  </annotationProcessorPaths>
  <basedir default-value="${basedir}"/>
  <buildDirectory default-value="${project.build.directory}"/>
  <compileSourceRoots default-value="${project.testCompileSourceRoots}"/>
  <compilerId default-value="javac">${maven.compiler.compilerId}</compilerId>
  <compilerReuseStrategy default-value="${reuseCreated}">${maven.compiler.compilerReuseStrategy}</compilerReuseStrategy>
  <compilerVersion>${maven.compiler.compilerVersion}</compilerVersion>
  <createMissingPackageInfoClass default-value="true">${maven.compiler.createMissingPackageInfoClass}</createMissingPackageInfoClass>
  <debug default-value="true">${maven.compiler.debug}</debug>
  <debugFileName default-value="javac-test"/>
  <debuglevel>${maven.compiler.debuglevel}</debuglevel>
  <enablePreview default-value="false">${maven.compiler.enablePreview}</enablePreview>
  <encoding default-value="${project.build.sourceEncoding}">${encoding}</encoding>
  <executable>${maven.compiler.executable}</executable>
  <failOnError default-value="true">${maven.compiler.failOnError}</failOnError>
  <failOnWarning default-value="false">${maven.compiler.failOnWarning}</failOnWarning>
  <forceJavacCompilerUse default-value="false">${maven.compiler.forceJavacCompilerUse}</forceJavacCompilerUse>
  <fork default-value="false">${maven.compiler.fork}</fork>
  <generatedTestSourcesDirectory default-value="${project.build.directory}/generated-test-sources/test-annotations"/>
  <implicit>${maven.compiler.implicit}</implicit>
  <maxmem>${maven.compiler.maxmem}</maxmem>
  <meminitial>${maven.compiler.meminitial}</meminitial>
  <mojoExecution default-value="${mojoExecution}"/>
  <optimize default-value="false">${maven.compiler.optimize}</optimize>
  <outputDirectory default-value="${project.build.testOutputDirectory}"/>
  <parameters default-value="false">true</parameters>
  <project default-value="${project}"/>
  <release>${maven.compiler.release}</release>
  <session default-value="${session}"/>
  <showCompilationChanges default-value="false">${maven.compiler.showCompilationChanges}</showCompilationChanges>
  <showDeprecation default-value="false">${maven.compiler.showDeprecation}</showDeprecation>
  <showWarnings default-value="true">${maven.compiler.showWarnings}</showWarnings>
  <skip>${maven.test.skip}</skip>
  <skipMultiThreadWarning default-value="false">${maven.compiler.skipMultiThreadWarning}</skipMultiThreadWarning>
  <source default-value="1.8">17</source>
  <staleMillis default-value="0">${lastModGranularityMs}</staleMillis>
  <target default-value="1.8">17</target>
  <testPath default-value="${project.testClasspathElements}"/>
  <testRelease>${maven.compiler.testRelease}</testRelease>
  <testSource>${maven.compiler.testSource}</testSource>
  <testTarget>${maven.compiler.testTarget}</testTarget>
  <useIncrementalCompilation default-value="true">${maven.compiler.useIncrementalCompilation}</useIncrementalCompilation>
  <useModulePath default-value="true"/>
  <verbose default-value="false">${maven.compiler.verbose}</verbose>
</configuration>
[DEBUG] --- exit fork of com.example:moabackend:0.0.1-SNAPSHOT for org.springframework.boot:spring-boot-maven-plugin:3.4.3:run (default-cli) ---
[DEBUG] -----------------------------------------------------------------------
[DEBUG] Goal:          org.springframework.boot:spring-boot-maven-plugin:3.4.3:run (default-cli)
[DEBUG] Style:         Regular
[DEBUG] Configuration: <?xml version="1.0" encoding="UTF-8"?>
<configuration>
  <addResources default-value="false">${spring-boot.run.addResources}</addResources>
  <additionalClasspathElements>${spring-boot.run.additional-classpath-elements}</additionalClasspathElements>
  <agents>${spring-boot.run.agents}</agents>
  <classesDirectory default-value="${project.build.outputDirectory}"/>
  <commandlineArguments>${spring-boot.run.arguments}</commandlineArguments>
  <excludeGroupIds default-value="">${spring-boot.excludeGroupIds}</excludeGroupIds>
  <excludes>
    <exclude>
      <groupId>org.projectlombok</groupId>
      <artifactId>lombok</artifactId>
    </exclude>${spring-boot.excludes}</excludes>
  <includes>${spring-boot.includes}</includes>
  <jvmArguments>${spring-boot.run.jvmArguments}</jvmArguments>
  <mainClass>${start-class}</mainClass>
  <noverify>${spring-boot.run.noverify}</noverify>
  <optimizedLaunch default-value="true">${spring-boot.run.optimizedLaunch}</optimizedLaunch>
  <profiles>${spring-boot.run.profiles}</profiles>
  <project default-value="${project}"/>
  <session default-value="${session}"/>
  <skip default-value="false">${spring-boot.run.skip}</skip>
  <useTestClasspath default-value="false">${spring-boot.run.useTestClasspath}</useTestClasspath>
  <workingDirectory>${spring-boot.run.workingDirectory}</workingDirectory>
</configuration>
[DEBUG] =======================================================================
[INFO] 
[INFO] >>> spring-boot:3.4.3:run (default-cli) > test-compile @ moabackend >>>
[DEBUG] Using mirror maven-default-http-blocker (http://0.0.0.0/) for vaadin-snapshots (http://oss.sonatype.org/content/repositories/vaadin-snapshots/).
[DEBUG] Using mirror maven-default-http-blocker (http://0.0.0.0/) for vaadin-releases (http://oss.sonatype.org/content/repositories/vaadin-releases/).
[DEBUG] Dependency collection stats {ConflictMarker.analyzeTime=1950600, ConflictMarker.markTime=242200, ConflictMarker.nodeCount=173, ConflictIdSorter.graphTime=2750600, ConflictIdSorter.topsortTime=3154500, ConflictIdSorter.conflictIdCount=90, ConflictIdSorter.conflictIdCycleCount=0, ConflictResolver.totalTime=19076000, ConflictResolver.conflictItemCount=169, DfDependencyCollector.collectTime=403476700, DfDependencyCollector.transformTime=32592400}
[DEBUG] com.example:moabackend:jar:0.0.1-SNAPSHOT
[DEBUG]    org.springframework.boot:spring-boot-starter-data-jpa:jar:3.4.3:compile
[DEBUG]       org.springframework.boot:spring-boot-starter:jar:3.4.3:compile (version managed from 3.4.3)
[DEBUG]          org.springframework.boot:spring-boot:jar:3.4.3:compile (version managed from 3.4.3)
[DEBUG]          org.springframework.boot:spring-boot-autoconfigure:jar:3.4.3:compile (version managed from 3.4.3)
[DEBUG]          org.springframework.boot:spring-boot-starter-logging:jar:3.4.3:compile (version managed from 3.4.3)
[DEBUG]             ch.qos.logback:logback-classic:jar:1.5.16:compile (version managed from 1.5.16)
[DEBUG]                ch.qos.logback:logback-core:jar:1.5.16:compile (version managed from 1.5.16)
[DEBUG]             org.apache.logging.log4j:log4j-to-slf4j:jar:2.24.3:compile (version managed from 2.24.3)
[DEBUG]                org.apache.logging.log4j:log4j-api:jar:2.24.3:compile (version managed from 2.24.3)
[DEBUG]             org.slf4j:jul-to-slf4j:jar:2.0.16:compile (version managed from 2.0.16)
[DEBUG]          jakarta.annotation:jakarta.annotation-api:jar:2.1.1:compile (version managed from 2.1.1)
[DEBUG]          org.yaml:snakeyaml:jar:2.3:compile (version managed from 2.3)
[DEBUG]       org.springframework.boot:spring-boot-starter-jdbc:jar:3.4.3:compile (version managed from 3.4.3)
[DEBUG]          com.zaxxer:HikariCP:jar:5.1.0:compile (version managed from 5.1.0)
[DEBUG]          org.springframework:spring-jdbc:jar:6.2.3:compile (version managed from 6.2.3)
[DEBUG]       org.hibernate.orm:hibernate-core:jar:6.6.8.Final:compile (version managed from 6.6.8.Final)
[DEBUG]          jakarta.persistence:jakarta.persistence-api:jar:3.1.0:compile (version managed from 3.1.0)
[DEBUG]          jakarta.transaction:jakarta.transaction-api:jar:2.0.1:compile (version managed from 2.0.1)
[DEBUG]          org.jboss.logging:jboss-logging:jar:3.6.1.Final:runtime (version managed from 3.5.0.Final)
[DEBUG]          org.hibernate.common:hibernate-commons-annotations:jar:7.0.3.Final:runtime
[DEBUG]          io.smallrye:jandex:jar:3.2.0:runtime
[DEBUG]          com.fasterxml:classmate:jar:1.7.0:runtime (version managed from 1.5.1)
[DEBUG]          net.bytebuddy:byte-buddy:jar:1.15.11:runtime (version managed from 1.15.11)
[DEBUG]          org.glassfish.jaxb:jaxb-runtime:jar:4.0.5:runtime (version managed from 4.0.2)
[DEBUG]             org.glassfish.jaxb:jaxb-core:jar:4.0.5:runtime (version managed from 4.0.5)
[DEBUG]                org.eclipse.angus:angus-activation:jar:2.0.2:runtime (version managed from 2.0.2)
[DEBUG]                org.glassfish.jaxb:txw2:jar:4.0.5:runtime (version managed from 4.0.5)
[DEBUG]                com.sun.istack:istack-commons-runtime:jar:4.1.2:runtime (version managed from 4.1.2)
[DEBUG]          jakarta.inject:jakarta.inject-api:jar:2.0.1:runtime (version managed from 2.0.1)
[DEBUG]          org.antlr:antlr4-runtime:jar:4.13.0:compile
[DEBUG]       org.springframework.data:spring-data-jpa:jar:3.4.3:compile (version managed from 3.4.3)
[DEBUG]          org.springframework.data:spring-data-commons:jar:3.4.3:compile (version managed from 3.4.3)
[DEBUG]          org.springframework:spring-orm:jar:6.2.3:compile (version managed from 6.2.3)
[DEBUG]          org.springframework:spring-context:jar:6.2.3:compile (version managed from 6.2.3)
[DEBUG]          org.springframework:spring-aop:jar:6.2.3:compile (version managed from 6.2.3)
[DEBUG]          org.springframework:spring-tx:jar:6.2.3:compile (version managed from 6.2.3)
[DEBUG]          org.springframework:spring-beans:jar:6.2.3:compile (version managed from 6.2.3)
[DEBUG]          org.slf4j:slf4j-api:jar:2.0.16:compile (version managed from 2.0.2)
[DEBUG]       org.springframework:spring-aspects:jar:6.2.3:compile (version managed from 6.2.3)
[DEBUG]          org.aspectj:aspectjweaver:jar:1.9.22.1:compile (version managed from 1.9.22.1)
[DEBUG]    org.springframework.boot:spring-boot-starter-web:jar:3.4.3:compile
[DEBUG]       org.springframework.boot:spring-boot-starter-json:jar:3.4.3:compile (version managed from 3.4.3)
[DEBUG]          com.fasterxml.jackson.core:jackson-databind:jar:2.18.2:compile (version managed from 2.18.2)
[DEBUG]             com.fasterxml.jackson.core:jackson-annotations:jar:2.18.2:compile (version managed from 2.18.2)
[DEBUG]             com.fasterxml.jackson.core:jackson-core:jar:2.18.2:compile (version managed from 2.18.2)
[DEBUG]          com.fasterxml.jackson.datatype:jackson-datatype-jdk8:jar:2.18.2:compile (version managed from 2.18.2)
[DEBUG]          com.fasterxml.jackson.datatype:jackson-datatype-jsr310:jar:2.18.2:compile (version managed from 2.18.2)
[DEBUG]          com.fasterxml.jackson.module:jackson-module-parameter-names:jar:2.18.2:compile (version managed from 2.18.2)
[DEBUG]       org.springframework.boot:spring-boot-starter-tomcat:jar:3.4.3:compile (version managed from 3.4.3)
[DEBUG]          org.apache.tomcat.embed:tomcat-embed-core:jar:10.1.36:compile (version managed from 10.1.36)
[DEBUG]          org.apache.tomcat.embed:tomcat-embed-el:jar:10.1.36:compile (version managed from 10.1.36)
[DEBUG]          org.apache.tomcat.embed:tomcat-embed-websocket:jar:10.1.36:compile (version managed from 10.1.36)
[DEBUG]       org.springframework:spring-web:jar:6.2.3:compile (version managed from 6.2.3)
[DEBUG]          io.micrometer:micrometer-observation:jar:1.14.4:compile (version managed from 1.14.4)
[DEBUG]             io.micrometer:micrometer-commons:jar:1.14.4:compile (version managed from 1.14.4)
[DEBUG]       org.springframework:spring-webmvc:jar:6.2.3:compile (version managed from 6.2.3)
[DEBUG]          org.springframework:spring-expression:jar:6.2.3:compile (version managed from 6.2.3)
[DEBUG]    com.h2database:h2:jar:2.3.232:runtime
[DEBUG]    org.projectlombok:lombok:jar:1.18.30:provided
[DEBUG]    org.springframework.boot:spring-boot-starter-test:jar:3.4.3:test
[DEBUG]       org.springframework.boot:spring-boot-test:jar:3.4.3:test (version managed from 3.4.3)
[DEBUG]       org.springframework.boot:spring-boot-test-autoconfigure:jar:3.4.3:test (version managed from 3.4.3)
[DEBUG]       com.jayway.jsonpath:json-path:jar:2.9.0:test (version managed from 2.9.0)
[DEBUG]       jakarta.xml.bind:jakarta.xml.bind-api:jar:4.0.2:runtime (version managed from 4.0.2)
[DEBUG]          jakarta.activation:jakarta.activation-api:jar:2.1.3:runtime (version managed from 2.1.3)
[DEBUG]       net.minidev:json-smart:jar:2.5.2:test (version managed from 2.5.2)
[DEBUG]          net.minidev:accessors-smart:jar:2.5.2:test
[DEBUG]             org.ow2.asm:asm:jar:9.7.1:test
[DEBUG]       org.assertj:assertj-core:jar:3.26.3:test (version managed from 3.26.3)
[DEBUG]       org.awaitility:awaitility:jar:4.2.2:test (version managed from 4.2.2)
[DEBUG]       org.hamcrest:hamcrest:jar:2.2:test (version managed from 2.2)
[DEBUG]       org.junit.jupiter:junit-jupiter:jar:5.11.4:test (version managed from 5.11.4)
[DEBUG]          org.junit.jupiter:junit-jupiter-api:jar:5.11.4:test (version managed from 5.11.4)
[DEBUG]             org.opentest4j:opentest4j:jar:1.3.0:test
[DEBUG]             org.junit.platform:junit-platform-commons:jar:1.11.4:test (version managed from 1.11.4)
[DEBUG]             org.apiguardian:apiguardian-api:jar:1.1.2:test
[DEBUG]          org.junit.jupiter:junit-jupiter-params:jar:5.11.4:test (version managed from 5.11.4)
[DEBUG]          org.junit.jupiter:junit-jupiter-engine:jar:5.11.4:test (version managed from 5.11.4)
[DEBUG]             org.junit.platform:junit-platform-engine:jar:1.11.4:test (version managed from 1.11.4)
[DEBUG]       org.mockito:mockito-core:jar:5.14.2:test (version managed from 5.14.2)
[DEBUG]          net.bytebuddy:byte-buddy-agent:jar:1.15.11:test (version managed from 1.15.4)
[DEBUG]          org.objenesis:objenesis:jar:3.3:test
[DEBUG]       org.mockito:mockito-junit-jupiter:jar:5.14.2:test (version managed from 5.14.2)
[DEBUG]       org.skyscreamer:jsonassert:jar:1.5.3:test (version managed from 1.5.3)
[DEBUG]          com.vaadin.external.google:android-json:jar:0.0.20131108.vaadin1:test
[DEBUG]       org.springframework:spring-core:jar:6.2.3:compile (version managed from 6.2.3)
[DEBUG]          org.springframework:spring-jcl:jar:6.2.3:compile (version managed from 6.2.3)
[DEBUG]       org.springframework:spring-test:jar:6.2.3:test (version managed from 6.2.3)
[DEBUG]       org.xmlunit:xmlunit-core:jar:2.10.0:test (version managed from 2.10.0)
[DEBUG]    javax.persistence:javax.persistence-api:jar:2.2:compile
[INFO] 
[INFO] --- resources:3.3.1:resources (default-resources) @ moabackend ---
[DEBUG] Dependency collection stats {ConflictMarker.analyzeTime=127100, ConflictMarker.markTime=42500, ConflictMarker.nodeCount=13, ConflictIdSorter.graphTime=63800, ConflictIdSorter.topsortTime=13400, ConflictIdSorter.conflictIdCount=9, ConflictIdSorter.conflictIdCycleCount=0, ConflictResolver.totalTime=18597600, ConflictResolver.conflictItemCount=13, DfDependencyCollector.collectTime=55273700, DfDependencyCollector.transformTime=18865900}
[DEBUG] org.apache.maven.plugins:maven-resources-plugin:jar:3.3.1
[DEBUG]    org.codehaus.plexus:plexus-interpolation:jar:1.26:runtime
[DEBUG]    org.codehaus.plexus:plexus-utils:jar:3.5.1:compile
[DEBUG]    org.apache.maven.shared:maven-filtering:jar:3.3.1:compile
[DEBUG]       javax.inject:javax.inject:jar:1:compile
[DEBUG]       org.slf4j:slf4j-api:jar:1.7.36:compile
[DEBUG]       org.sonatype.plexus:plexus-build-api:jar:0.0.7:compile
[DEBUG]    commons-io:commons-io:jar:2.11.0:compile
[DEBUG]    org.apache.commons:commons-lang3:jar:3.12.0:compile
[DEBUG] Created new class realm plugin>org.apache.maven.plugins:maven-resources-plugin:3.3.1
[DEBUG] Importing foreign packages into class realm plugin>org.apache.maven.plugins:maven-resources-plugin:3.3.1
[DEBUG]   Imported:  < maven.api
[DEBUG] Populating class realm plugin>org.apache.maven.plugins:maven-resources-plugin:3.3.1
[DEBUG]   Included: org.apache.maven.plugins:maven-resources-plugin:jar:3.3.1
[DEBUG]   Included: org.codehaus.plexus:plexus-interpolation:jar:1.26
[DEBUG]   Included: org.codehaus.plexus:plexus-utils:jar:3.5.1
[DEBUG]   Included: org.apache.maven.shared:maven-filtering:jar:3.3.1
[DEBUG]   Included: org.sonatype.plexus:plexus-build-api:jar:0.0.7
[DEBUG]   Included: commons-io:commons-io:jar:2.11.0
[DEBUG]   Included: org.apache.commons:commons-lang3:jar:3.12.0
[DEBUG] Loading mojo org.apache.maven.plugins:maven-resources-plugin:3.3.1:resources from plugin realm ClassRealm[plugin>org.apache.maven.plugins:maven-resources-plugin:3.3.1, parent: jdk.internal.loader.ClassLoaders$AppClassLoader@73d16e93]
[DEBUG] Configuring mojo execution 'org.apache.maven.plugins:maven-resources-plugin:3.3.1:resources:default-resources' with basic configurator -->
[DEBUG]   (f) addDefaultExcludes = true
[DEBUG]   (f) buildFilters = []
[DEBUG]   (s) delimiters = [@]
[DEBUG]   (f) encoding = UTF-8
[DEBUG]   (f) escapeWindowsPaths = true
[DEBUG]   (f) fileNameFiltering = false
[DEBUG]   (s) includeEmptyDirs = false
[DEBUG]   (s) outputDirectory = C:\Users\Mainswitch\Documents\NetBeansProjects\moabackend\target\classes
[DEBUG]   (s) overwrite = false
[DEBUG]   (f) project = MavenProject: com.example:moabackend:0.0.1-SNAPSHOT @ C:\Users\Mainswitch\Documents\NetBeansProjects\moabackend\pom.xml
[DEBUG]   (f) propertiesEncoding = UTF-8
[DEBUG]   (s) resources = [Resource {targetPath: null, filtering: true, FileSet {directory: C:\Users\Mainswitch\Documents\NetBeansProjects\moabackend\src\main\resources, PatternSet [includes: {**/application*.yml, **/application*.yaml, **/application*.properties}, excludes: {}]}}, Resource {targetPath: null, filtering: false, FileSet {directory: C:\Users\Mainswitch\Documents\NetBeansProjects\moabackend\src\main\resources, PatternSet [includes: {}, excludes: {**/application*.yml, **/application*.yaml, **/application*.properties}]}}]
[DEBUG]   (f) session = org.apache.maven.execution.MavenSession@b887730
[DEBUG]   (f) skip = false
[DEBUG]   (f) supportMultiLineFiltering = false
[DEBUG]   (f) useBuildFilters = true
[DEBUG]   (s) useDefaultDelimiters = false
[DEBUG] -- end configuration --
[DEBUG] properties used:
[DEBUG] activemq.version: 6.1.5
[DEBUG] angus-mail.version: 2.0.3
[DEBUG] artemis.version: 2.37.0
[DEBUG] aspectj.version: 1.9.22.1
[DEBUG] assertj.version: 3.26.3
[DEBUG] awaitility.version: 4.2.2
[DEBUG] brave.version: 6.0.3
[DEBUG] build-helper-maven-plugin.version: 3.6.0
[DEBUG] byte-buddy.version: 1.15.11
[DEBUG] cache2k.version: 2.6.1.Final
[DEBUG] caffeine.version: 3.1.8
[DEBUG] cassandra-driver.version: 4.18.1
[DEBUG] classmate.version: 1.7.0
[DEBUG] classworlds.conf: C:\Program Files\Maven\apache-maven-3.9.6\bin\m2.conf
[DEBUG] commons-codec.version: 1.17.2
[DEBUG] commons-dbcp2.version: 2.12.0
[DEBUG] commons-lang3.version: 3.17.0
[DEBUG] commons-pool.version: 1.6
[DEBUG] commons-pool2.version: 2.12.1
[DEBUG] couchbase-client.version: 3.7.8
[DEBUG] crac.version: 1.5.0
[DEBUG] cyclonedx-maven-plugin.version: 2.9.1
[DEBUG] db2-jdbc.version: 11.5.9.0
[DEBUG] dependency-management-plugin.version: 1.1.7
[DEBUG] derby.version: 10.16.1.1
[DEBUG] ehcache3.version: 3.10.8
[DEBUG] elasticsearch-client.version: 8.15.5
[DEBUG] env.=C:: C:\Users\Mainswitch\Documents\NetBeansProjects\moabackend
[DEBUG] env.ALLUSERSPROFILE: C:\ProgramData
[DEBUG] env.APPDATA: C:\Users\Mainswitch\AppData\Roaming
[DEBUG] env.CATALINA_HOME: C:\Joget-DX8\apache-tomcat-9.0.97
[DEBUG] env.CHOCOLATEYINSTALL: C:\ProgramData\chocolatey
[DEBUG] env.CHOCOLATEYLASTPATHUPDATE: 133757227669684811
[DEBUG] env.CLASSWORLDS_JAR: "C:\Program Files\Maven\apache-maven-3.9.6\boot\plexus-classworlds-2.7.0.jar"
[DEBUG] env.CLASSWORLDS_LAUNCHER: org.codehaus.plexus.classworlds.launcher.Launcher
[DEBUG] env.COMMONPROGRAMFILES: C:\Program Files\Common Files
[DEBUG] env.COMMONPROGRAMFILES(X86): C:\Program Files (x86)\Common Files
[DEBUG] env.COMMONPROGRAMW6432: C:\Program Files\Common Files
[DEBUG] env.COMPUTERNAME: MAINSWITCH
[DEBUG] env.COMSPEC: C:\Windows\system32\cmd.exe
[DEBUG] env.DHIS2_HOME: C:\DHIS2
[DEBUG] env.DRIVERDATA: C:\Windows\System32\Drivers\DriverData
[DEBUG] env.EFC_12904: 1
[DEBUG] env.ERROR_CODE: 0
[DEBUG] env.EXEC_DIR: C:\Users\Mainswitch\Documents\NetBeansProjects\moabackend
[DEBUG] env.HOMEDRIVE: C:
[DEBUG] env.HOMEPATH: \Users\Mainswitch
[DEBUG] env.JAVACMD: C:\Program Files\OpenLogic\jdk-17.0.14.7-hotspot\\bin\java.exe
[DEBUG] env.JAVA_HOME: C:\Program Files\OpenLogic\jdk-17.0.14.7-hotspot\
[DEBUG] env.JAVA_OPTS: -XX:MaxRAMPercentage=50.0 -Djava.awt.headless=true
[DEBUG] env.JVMCONFIG: \.mvn\jvm.config
[DEBUG] env.LOCALAPPDATA: C:\Users\Mainswitch\AppData\Local
[DEBUG] env.LOGONSERVER: \\MAINSWITCH
[DEBUG] env.MAVEN_CMD_LINE_ARGS: spring-boot:run -X
[DEBUG] env.MAVEN_HOME: C:\Program Files\Maven\apache-maven-3.9.6
[DEBUG] env.MAVEN_PROJECTBASEDIR: C:\Users\Mainswitch\Documents\NetBeansProjects\moabackend
[DEBUG] env.NUMBER_OF_PROCESSORS: 16
[DEBUG] env.ONEDRIVE: C:\Users\Mainswitch\OneDrive
[DEBUG] env.ONEDRIVECONSUMER: C:\Users\Mainswitch\OneDrive
[DEBUG] env.OS: Windows_NT
[DEBUG] env.PATH: C:\Program Files\OpenLogic\jdk-17.0.14.7-hotspot\bin;C:\Python312\Scripts\;C:\Python312\;C:\Program Files (x86)\VMware\VMware Player\bin\;C:\Program Files\OpenLogic\jdk-11.0.23.9-hotspot\bin;C:\Windows\system32;C:\Windows;C:\Windows\System32\Wbem;C:\Windows\System32\WindowsPowerShell\v1.0\;C:\Windows\System32\OpenSSH\;C:\Program Files\dotnet\;C:\Program Files (x86)\Windows Kits\10\Windows Performance Toolkit\;C:\xampp\php;C:\ProgramData\ComposerSetup\bin;C:\Program Files\Git\cmd;C:\Program Files\nodejs\;C:\ProgramData\chocolatey\bin;C:\Windows\system32\config\systemprofile\AppData\Local\Microsoft\WindowsApps;C:\windows\system32\HWAudioDriver\;C:\Program Files\PuTTY\;C:\Program Files\WireGuard\;C:\Program Files\Docker\Docker\resources\bin;C:\Users\Mainswitch\AppData\Local\Programs\Python\Launcher\;C:\Users\Mainswitch\AppData\Local\Microsoft\WindowsApps;C:\flutter\bin;C:\msys64\ucrt64\bin;C:\Users\Mainswitch\AppData\Roaming\Composer\vendor\bin;C:\Users\Mainswitch\AppData\Local\Yarn\bin;C:\Users\Mainswitch\AppData\Roaming\npm;C:\Users\Mainswitch\AppData\Local\JetBrains\Toolbox\scripts;C:\Users\Mainswitch\AppData\Local\Programs\Microsoft VS Code\bin;C:\Users\Mainswitch\AppData\Local\GitHubDesktop\bin;C:\Program Files\MariaDB 11.6\bin;C:\Users\Mainswitch\AppData\Local\Programs\Windsurf\bin;C:\Users\Mainswitch\AppData\Local\Programs\VSCodium\bin;C:\Users\Mainswitch\AppData\Local\Microsoft\WinGet\Links;C:\Users\Mainswitch\.kube\config;;C:\Program Files\Maven\apache-maven-3.9.6\bin;
[DEBUG] env.PATHEXT: .COM;.EXE;.BAT;.CMD;.VBS;.VBE;.JS;.JSE;.WSF;.WSH;.MSC;.PY;.PYW
[DEBUG] env.PROCESSOR_ARCHITECTURE: AMD64
[DEBUG] env.PROCESSOR_IDENTIFIER: Intel64 Family 6 Model 154 Stepping 3, GenuineIntel
[DEBUG] env.PROCESSOR_LEVEL: 6
[DEBUG] env.PROCESSOR_REVISION: 9a03
[DEBUG] env.PROGRAMDATA: C:\ProgramData
[DEBUG] env.PROGRAMFILES: C:\Program Files
[DEBUG] env.PROGRAMFILES(X86): C:\Program Files (x86)
[DEBUG] env.PROGRAMW6432: C:\Program Files
[DEBUG] env.PROMPT: $P$G
[DEBUG] env.PSMODULEPATH: C:\Program Files\WindowsPowerShell\Modules;C:\Windows\system32\WindowsPowerShell\v1.0\Modules
[DEBUG] env.PT8HOME: C:\Program Files\Cisco Packet Tracer 8.2.2
[DEBUG] env.PUBLIC: C:\Users\Public
[DEBUG] env.SESSIONNAME: Console
[DEBUG] env.SYSTEMDRIVE: C:
[DEBUG] env.SYSTEMROOT: C:\Windows
[DEBUG] env.TEMP: C:\Users\MAINSW~1\AppData\Local\Temp
[DEBUG] env.TMP: C:\Users\MAINSW~1\AppData\Local\Temp
[DEBUG] env.USERDOMAIN: MAINSWITCH
[DEBUG] env.USERDOMAIN_ROAMINGPROFILE: MAINSWITCH
[DEBUG] env.USERNAME: Mainswitch
[DEBUG] env.USERPROFILE: C:\Users\Mainswitch
[DEBUG] env.VBOX_MSI_INSTALL_PATH: C:\Program Files\Oracle\VirtualBox\
[DEBUG] env.WDIR: C:\Users\Mainswitch\Documents\NetBeansProjects\moabackend
[DEBUG] env.WINDIR: C:\Windows
[DEBUG] env.ZES_ENABLE_SYSMAN: 1
[DEBUG] file.encoding: Cp1252
[DEBUG] file.separator: \
[DEBUG] flyway.version: 10.20.1
[DEBUG] freemarker.version: 2.3.34
[DEBUG] git-commit-id-maven-plugin.version: 9.0.1
[DEBUG] glassfish-jaxb.version: 4.0.5
[DEBUG] glassfish-jstl.version: 3.0.1
[DEBUG] graphql-java.version: 22.3
[DEBUG] groovy.version: 4.0.25
[DEBUG] gson.version: 2.11.0
[DEBUG] h2.version: 2.3.232
[DEBUG] hamcrest.version: 2.2
[DEBUG] hazelcast.version: 5.5.0
[DEBUG] hibernate-validator.version: 8.0.2.Final
[DEBUG] hibernate.version: 6.6.8.Final
[DEBUG] hikaricp.version: 5.1.0
[DEBUG] hsqldb.version: 2.7.3
[DEBUG] htmlunit.version: 4.5.0
[DEBUG] httpasyncclient.version: 4.1.5
[DEBUG] httpclient5.version: 5.4.2
[DEBUG] httpcore.version: 4.4.16
[DEBUG] httpcore5.version: 5.3.3
[DEBUG] infinispan.version: 15.0.13.Final
[DEBUG] influxdb-java.version: 2.24
[DEBUG] jackson-bom.version: 2.18.2
[DEBUG] jakarta-activation.version: 2.1.3
[DEBUG] jakarta-annotation.version: 2.1.1
[DEBUG] jakarta-inject.version: 2.0.1
[DEBUG] jakarta-jms.version: 3.1.0
[DEBUG] jakarta-json-bind.version: 3.0.1
[DEBUG] jakarta-json.version: 2.1.3
[DEBUG] jakarta-mail.version: 2.1.3
[DEBUG] jakarta-management.version: 1.1.4
[DEBUG] jakarta-persistence.version: 3.1.0
[DEBUG] jakarta-servlet-jsp-jstl.version: 3.0.2
[DEBUG] jakarta-servlet.version: 6.0.0
[DEBUG] jakarta-transaction.version: 2.0.1
[DEBUG] jakarta-validation.version: 3.0.2
[DEBUG] jakarta-websocket.version: 2.1.1
[DEBUG] jakarta-ws-rs.version: 3.1.0
[DEBUG] jakarta-xml-bind.version: 4.0.2
[DEBUG] jakarta-xml-soap.version: 3.0.2
[DEBUG] jakarta-xml-ws.version: 4.0.2
[DEBUG] janino.version: 3.1.12
[DEBUG] java.class.path: C:\Program Files\Maven\apache-maven-3.9.6\boot\plexus-classworlds-2.7.0.jar
[DEBUG] java.class.version: 61.0
[DEBUG] java.home: C:\Program Files\OpenLogic\jdk-17.0.14.7-hotspot
[DEBUG] java.io.tmpdir: C:\Users\MAINSW~1\AppData\Local\Temp\
[DEBUG] java.library.path: C:\Program Files\OpenLogic\jdk-17.0.14.7-hotspot\bin;C:\Windows\Sun\Java\bin;C:\Windows\system32;C:\Windows;C:\Program Files\OpenLogic\jdk-17.0.14.7-hotspot\bin;C:\Python312\Scripts\;C:\Python312\;C:\Program Files (x86)\VMware\VMware Player\bin\;C:\Program Files\OpenLogic\jdk-11.0.23.9-hotspot\bin;C:\Windows\system32;C:\Windows;C:\Windows\System32\Wbem;C:\Windows\System32\WindowsPowerShell\v1.0\;C:\Windows\System32\OpenSSH\;C:\Program Files\dotnet\;C:\Program Files (x86)\Windows Kits\10\Windows Performance Toolkit\;C:\xampp\php;C:\ProgramData\ComposerSetup\bin;C:\Program Files\Git\cmd;C:\Program Files\nodejs\;C:\ProgramData\chocolatey\bin;C:\Windows\system32\config\systemprofile\AppData\Local\Microsoft\WindowsApps;C:\windows\system32\HWAudioDriver\;C:\Program Files\PuTTY\;C:\Program Files\WireGuard\;C:\Program Files\Docker\Docker\resources\bin;C:\Users\Mainswitch\AppData\Local\Programs\Python\Launcher\;C:\Users\Mainswitch\AppData\Local\Microsoft\WindowsApps;C:\flutter\bin;C:\msys64\ucrt64\bin;C:\Users\Mainswitch\AppData\Roaming\Composer\vendor\bin;C:\Users\Mainswitch\AppData\Local\Yarn\bin;C:\Users\Mainswitch\AppData\Roaming\npm;C:\Users\Mainswitch\AppData\Local\JetBrains\Toolbox\scripts;C:\Users\Mainswitch\AppData\Local\Programs\Microsoft VS Code\bin;C:\Users\Mainswitch\AppData\Local\GitHubDesktop\bin;C:\Program Files\MariaDB 11.6\bin;C:\Users\Mainswitch\AppData\Local\Programs\Windsurf\bin;C:\Users\Mainswitch\AppData\Local\Programs\VSCodium\bin;C:\Users\Mainswitch\AppData\Local\Microsoft\WinGet\Links;C:\Users\Mainswitch\.kube\config;;C:\Program Files\Maven\apache-maven-3.9.6\bin;;.
[DEBUG] java.runtime.name: OpenJDK Runtime Environment
[DEBUG] java.runtime.version: 17.0.14+7-adhoc..jdk17u
[DEBUG] java.specification.maintenance.version: 1
[DEBUG] java.specification.name: Java Platform API Specification
[DEBUG] java.specification.vendor: Oracle Corporation
[DEBUG] java.specification.version: 17
[DEBUG] java.vendor: OpenLogic
[DEBUG] java.vendor.url: https://openlogic.com/
[DEBUG] java.vendor.url.bug: https://techsupport.roguewave.com/
[DEBUG] java.vendor.version: OpenLogic-OpenJDK
[DEBUG] java.version: 17.0.14
[DEBUG] java.version.date: 2025-01-21
[DEBUG] java.vm.compressedOopsMode: Zero based
[DEBUG] java.vm.info: mixed mode, sharing
[DEBUG] java.vm.name: OpenJDK 64-Bit Server VM
[DEBUG] java.vm.specification.name: Java Virtual Machine Specification
[DEBUG] java.vm.specification.vendor: Oracle Corporation
[DEBUG] java.vm.specification.version: 17
[DEBUG] java.vm.vendor: OpenLogic
[DEBUG] java.vm.version: 17.0.14+7-adhoc..jdk17u
[DEBUG] javax-cache.version: 1.1.1
[DEBUG] javax-money.version: 1.1
[DEBUG] jaxen.version: 2.0.0
[DEBUG] jaybird.version: 5.0.6.java11
[DEBUG] jboss-logging.version: 3.6.1.Final
[DEBUG] jdk.debug: release
[DEBUG] jdom2.version: 2.0.6.1
[DEBUG] jedis.version: 5.2.0
[DEBUG] jersey.version: 3.1.10
[DEBUG] jetty-reactive-httpclient.version: 4.0.8
[DEBUG] jetty.version: 12.0.16
[DEBUG] jmustache.version: 1.16
[DEBUG] jooq.version: 3.19.19
[DEBUG] json-path.version: 2.9.0
[DEBUG] json-smart.version: 2.5.2
[DEBUG] jsonassert.version: 1.5.3
[DEBUG] jtds.version: 1.3.1
[DEBUG] junit-jupiter.version: 5.11.4
[DEBUG] junit.version: 4.13.2
[DEBUG] kafka.version: 3.8.1
[DEBUG] kotlin-coroutines.version: 1.8.1
[DEBUG] kotlin-serialization.version: 1.6.3
[DEBUG] kotlin.version: 1.9.25
[DEBUG] lettuce.version: 6.4.2.RELEASE
[DEBUG] library.jansi.path: C:\Program Files\Maven\apache-maven-3.9.6\lib\jansi-native
[DEBUG] line.separator: 

[DEBUG] liquibase.version: 4.29.2
[DEBUG] log4j2.version: 2.24.3
[DEBUG] logback.version: 1.5.16
[DEBUG] lombok.version: 1.18.36
[DEBUG] mariadb.version: 3.4.1
[DEBUG] maven-antrun-plugin.version: 3.1.0
[DEBUG] maven-assembly-plugin.version: 3.7.1
[DEBUG] maven-clean-plugin.version: 3.4.1
[DEBUG] maven-compiler-plugin.version: 3.13.0
[DEBUG] maven-dependency-plugin.version: 3.8.1
[DEBUG] maven-deploy-plugin.version: 3.1.3
[DEBUG] maven-enforcer-plugin.version: 3.5.0
[DEBUG] maven-failsafe-plugin.version: 3.5.2
[DEBUG] maven-help-plugin.version: 3.5.1
[DEBUG] maven-install-plugin.version: 3.1.3
[DEBUG] maven-invoker-plugin.version: 3.8.1
[DEBUG] maven-jar-plugin.version: 3.4.2
[DEBUG] maven-javadoc-plugin.version: 3.10.1
[DEBUG] maven-resources-plugin.version: 3.3.1
[DEBUG] maven-shade-plugin.version: 3.6.0
[DEBUG] maven-source-plugin.version: 3.3.1
[DEBUG] maven-surefire-plugin.version: 3.5.2
[DEBUG] maven-war-plugin.version: 3.4.0
[DEBUG] maven.build.timestamp: 2025-03-05T19:13:33Z
[DEBUG] maven.build.version: Apache Maven 3.9.6 (bc0240f3c744dd6b6ec2920b3cd08dcc295161ae)
[DEBUG] maven.compiler.release: 17
[DEBUG] maven.conf: C:\Program Files\Maven\apache-maven-3.9.6/conf
[DEBUG] maven.home: C:\Program Files\Maven\apache-maven-3.9.6
[DEBUG] maven.multiModuleProjectDirectory: C:\Users\Mainswitch\Documents\NetBeansProjects\moabackend
[DEBUG] maven.version: 3.9.6
[DEBUG] micrometer-tracing.version: 1.4.3
[DEBUG] micrometer.version: 1.14.4
[DEBUG] mockito.version: 5.14.2
[DEBUG] mongodb.version: 5.2.1
[DEBUG] mssql-jdbc.version: 12.8.1.jre11
[DEBUG] mysql.version: 9.1.0
[DEBUG] native-build-tools-plugin.version: 0.10.5
[DEBUG] native.encoding: Cp1252
[DEBUG] nekohtml.version: 1.9.22
[DEBUG] neo4j-java-driver.version: 5.28.1
[DEBUG] netty.version: 4.1.118.Final
[DEBUG] opentelemetry.version: 1.43.0
[DEBUG] oracle-database.version: 23.5.0.24.07
[DEBUG] oracle-r2dbc.version: 1.2.0
[DEBUG] os.arch: amd64
[DEBUG] os.name: Windows 11
[DEBUG] os.version: 10.0
[DEBUG] path.separator: ;
[DEBUG] pooled-jms.version: 3.1.7
[DEBUG] postgresql.version: 42.7.5
[DEBUG] project.baseUri: file:/C:/Users/Mainswitch/Documents/NetBeansProjects/moabackend/
[DEBUG] project.build.sourceEncoding: UTF-8
[DEBUG] project.reporting.outputEncoding: UTF-8
[DEBUG] prometheus-client.version: 1.3.6
[DEBUG] prometheus-simpleclient.version: 0.16.0
[DEBUG] pulsar-reactive.version: 0.5.10
[DEBUG] pulsar.version: 3.3.4
[DEBUG] quartz.version: 2.3.2
[DEBUG] querydsl.version: 5.1.0
[DEBUG] r2dbc-h2.version: 1.0.0.RELEASE
[DEBUG] r2dbc-mariadb.version: 1.2.2
[DEBUG] r2dbc-mssql.version: 1.0.2.RELEASE
[DEBUG] r2dbc-mysql.version: 1.3.2
[DEBUG] r2dbc-pool.version: 1.0.2.RELEASE
[DEBUG] r2dbc-postgresql.version: 1.0.7.RELEASE
[DEBUG] r2dbc-proxy.version: 1.1.5.RELEASE
[DEBUG] r2dbc-spi.version: 1.0.0.RELEASE
[DEBUG] rabbit-amqp-client.version: 5.22.0
[DEBUG] rabbit-stream-client.version: 0.18.0
[DEBUG] reactive-streams.version: 1.0.4
[DEBUG] reactor-bom.version: 2024.0.3
[DEBUG] resource.delimiter: @
[DEBUG] rest-assured.version: 5.5.1
[DEBUG] rsocket.version: 1.1.5
[DEBUG] rxjava3.version: 3.1.10
[DEBUG] saaj-impl.version: 3.0.4
[DEBUG] selenium-htmlunit.version: 4.25.0
[DEBUG] selenium.version: 4.25.0
[DEBUG] sendgrid.version: 4.10.3
[DEBUG] slf4j.version: 2.0.16
[DEBUG] snakeyaml.version: 2.3
[DEBUG] spring-amqp.version: 3.2.3
[DEBUG] spring-authorization-server.version: 1.4.2
[DEBUG] spring-batch.version: 5.2.1
[DEBUG] spring-boot.run.main-class: ${start-class}
[DEBUG] spring-data-bom.version: 2024.1.3
[DEBUG] spring-framework.version: 6.2.3
[DEBUG] spring-graphql.version: 1.3.4
[DEBUG] spring-hateoas.version: 2.4.1
[DEBUG] spring-integration.version: 6.4.2
[DEBUG] spring-kafka.version: 3.3.3
[DEBUG] spring-ldap.version: 3.2.11
[DEBUG] spring-pulsar.version: 1.2.3
[DEBUG] spring-restdocs.version: 3.0.3
[DEBUG] spring-retry.version: 2.0.11
[DEBUG] spring-security.version: 6.4.3
[DEBUG] spring-session.version: 3.4.2
[DEBUG] spring-ws.version: 4.0.11
[DEBUG] sqlite-jdbc.version: 3.47.2.0
[DEBUG] sun.arch.data.model: 64
[DEBUG] sun.boot.library.path: C:\Program Files\OpenLogic\jdk-17.0.14.7-hotspot\bin
[DEBUG] sun.cpu.endian: little
[DEBUG] sun.cpu.isalist: amd64
[DEBUG] sun.io.unicode.encoding: UnicodeLittle
[DEBUG] sun.java.command: org.codehaus.plexus.classworlds.launcher.Launcher spring-boot:run -X
[DEBUG] sun.java.launcher: SUN_STANDARD
[DEBUG] sun.jnu.encoding: Cp1252
[DEBUG] sun.management.compiler: HotSpot 64-Bit Tiered Compilers
[DEBUG] sun.os.patch.level: 
[DEBUG] sun.stderr.encoding: cp437
[DEBUG] testcontainers-redis-module.version: 2.2.4
[DEBUG] testcontainers.version: 1.20.5
[DEBUG] thymeleaf-extras-data-attribute.version: 2.0.1
[DEBUG] thymeleaf-extras-springsecurity.version: 3.1.3.RELEASE
[DEBUG] thymeleaf-layout-dialect.version: 3.3.0
[DEBUG] thymeleaf.version: 3.1.3.RELEASE
[DEBUG] tomcat.version: 10.1.36
[DEBUG] unboundid-ldapsdk.version: 6.0.11
[DEBUG] undertow.version: 2.3.18.Final
[DEBUG] user.country: US
[DEBUG] user.dir: C:\Users\Mainswitch\Documents\NetBeansProjects\moabackend
[DEBUG] user.home: C:\Users\Mainswitch
[DEBUG] user.language: en
[DEBUG] user.name: Mainswitch
[DEBUG] user.script: 
[DEBUG] user.variant: 
[DEBUG] versions-maven-plugin.version: 2.17.1
[DEBUG] webjars-locator-core.version: 0.59
[DEBUG] webjars-locator-lite.version: 1.0.1
[DEBUG] wsdl4j.version: 1.6.3
[DEBUG] xml-maven-plugin.version: 1.1.0
[DEBUG] xmlunit2.version: 2.10.0
[DEBUG] yasson.version: 3.0.4
[DEBUG] zipkin-reporter.version: 3.4.3
[DEBUG] Using 'UTF-8' encoding to copy filtered resources.
[DEBUG] Using 'UTF-8' encoding to copy filtered properties files.
[DEBUG] resource with targetPath null
directory C:\Users\Mainswitch\Documents\NetBeansProjects\moabackend\src\main\resources
excludes []
includes [**/application*.yml, **/application*.yaml, **/application*.properties]
[DEBUG] ignoreDelta true
[INFO] Copying 1 resource from src\main\resources to target\classes
[DEBUG] Copying file application.properties
[DEBUG] file application.properties has a filtered file extension
[DEBUG] Using 'UTF-8' encoding to copy filtered resource 'application.properties'.
[DEBUG] filtering C:\Users\Mainswitch\Documents\NetBeansProjects\moabackend\src\main\resources\application.properties to C:\Users\Mainswitch\Documents\NetBeansProjects\moabackend\target\classes\application.properties
[DEBUG] resource with targetPath null
directory C:\Users\Mainswitch\Documents\NetBeansProjects\moabackend\src\main\resources
excludes [**/application*.yml, **/application*.yaml, **/application*.properties]
includes []
[DEBUG] ignoreDelta true
[INFO] Copying 0 resource from src\main\resources to target\classes
[DEBUG] no user filter components
[INFO] 
[INFO] --- compiler:3.11.0:compile (default-compile) @ moabackend ---
[DEBUG] Using mirror maven-default-http-blocker (http://0.0.0.0/) for apache.snapshots (http://repository.apache.org/snapshots).
[DEBUG] Dependency collection stats {ConflictMarker.analyzeTime=28600, ConflictMarker.markTime=19600, ConflictMarker.nodeCount=17, ConflictIdSorter.graphTime=8800, ConflictIdSorter.topsortTime=15100, ConflictIdSorter.conflictIdCount=12, ConflictIdSorter.conflictIdCycleCount=0, ConflictResolver.totalTime=187500, ConflictResolver.conflictItemCount=17, DfDependencyCollector.collectTime=71612900, DfDependencyCollector.transformTime=276300}
[DEBUG] org.apache.maven.plugins:maven-compiler-plugin:jar:3.11.0
[DEBUG]    org.apache.maven.shared:maven-shared-utils:jar:3.3.4:compile
[DEBUG]       commons-io:commons-io:jar:2.6:compile
[DEBUG]    org.apache.maven.shared:maven-shared-incremental:jar:1.1:compile
[DEBUG]       org.codehaus.plexus:plexus-component-annotations:jar:1.5.5:compile
[DEBUG]    org.codehaus.plexus:plexus-java:jar:1.1.2:compile
[DEBUG]       org.ow2.asm:asm:jar:9.4:compile
[DEBUG]       com.thoughtworks.qdox:qdox:jar:2.0.3:compile (version managed from default)
[DEBUG]    org.codehaus.plexus:plexus-compiler-api:jar:2.13.0:compile
[DEBUG]       org.codehaus.plexus:plexus-utils:jar:3.5.0:compile (version managed from default)
[DEBUG]    org.codehaus.plexus:plexus-compiler-manager:jar:2.13.0:compile
[DEBUG]    org.codehaus.plexus:plexus-compiler-javac:jar:2.13.0:runtime
[DEBUG] Created new class realm plugin>org.apache.maven.plugins:maven-compiler-plugin:3.11.0
[DEBUG] Importing foreign packages into class realm plugin>org.apache.maven.plugins:maven-compiler-plugin:3.11.0
[DEBUG]   Imported:  < maven.api
[DEBUG] Populating class realm plugin>org.apache.maven.plugins:maven-compiler-plugin:3.11.0
[DEBUG]   Included: org.apache.maven.plugins:maven-compiler-plugin:jar:3.11.0
[DEBUG]   Included: org.apache.maven.shared:maven-shared-utils:jar:3.3.4
[DEBUG]   Included: commons-io:commons-io:jar:2.6
[DEBUG]   Included: org.apache.maven.shared:maven-shared-incremental:jar:1.1
[DEBUG]   Included: org.codehaus.plexus:plexus-component-annotations:jar:1.5.5
[DEBUG]   Included: org.codehaus.plexus:plexus-java:jar:1.1.2
[DEBUG]   Included: org.ow2.asm:asm:jar:9.4
[DEBUG]   Included: com.thoughtworks.qdox:qdox:jar:2.0.3
[DEBUG]   Included: org.codehaus.plexus:plexus-compiler-api:jar:2.13.0
[DEBUG]   Included: org.codehaus.plexus:plexus-utils:jar:3.5.0
[DEBUG]   Included: org.codehaus.plexus:plexus-compiler-manager:jar:2.13.0
[DEBUG]   Included: org.codehaus.plexus:plexus-compiler-javac:jar:2.13.0
[DEBUG] Loading mojo org.apache.maven.plugins:maven-compiler-plugin:3.11.0:compile from plugin realm ClassRealm[plugin>org.apache.maven.plugins:maven-compiler-plugin:3.11.0, parent: jdk.internal.loader.ClassLoaders$AppClassLoader@73d16e93]
[DEBUG] Configuring mojo execution 'org.apache.maven.plugins:maven-compiler-plugin:3.11.0:compile:default-compile' with basic configurator -->
[DEBUG]   (s) groupId = org.projectlombok
[DEBUG]   (s) artifactId = lombok
[DEBUG]   (s) version = 1.18.30
[DEBUG]   (f) annotationProcessorPaths = [org.projectlombok:lombok:1.18.30.jar]
[DEBUG]   (f) basedir = C:\Users\Mainswitch\Documents\NetBeansProjects\moabackend
[DEBUG]   (f) buildDirectory = C:\Users\Mainswitch\Documents\NetBeansProjects\moabackend\target
[DEBUG]   (f) compilePath = [C:\Users\Mainswitch\Documents\NetBeansProjects\moabackend\target\classes, C:\Users\Mainswitch\.m2\repository\org\springframework\boot\spring-boot-starter-data-jpa\3.4.3\spring-boot-starter-data-jpa-3.4.3.jar, C:\Users\Mainswitch\.m2\repository\org\springframework\boot\spring-boot-starter\3.4.3\spring-boot-starter-3.4.3.jar, C:\Users\Mainswitch\.m2\repository\org\springframework\boot\spring-boot\3.4.3\spring-boot-3.4.3.jar, C:\Users\Mainswitch\.m2\repository\org\springframework\boot\spring-boot-autoconfigure\3.4.3\spring-boot-autoconfigure-3.4.3.jar, C:\Users\Mainswitch\.m2\repository\org\springframework\boot\spring-boot-starter-logging\3.4.3\spring-boot-starter-logging-3.4.3.jar, C:\Users\Mainswitch\.m2\repository\ch\qos\logback\logback-classic\1.5.16\logback-classic-1.5.16.jar, C:\Users\Mainswitch\.m2\repository\ch\qos\logback\logback-core\1.5.16\logback-core-1.5.16.jar, C:\Users\Mainswitch\.m2\repository\org\apache\logging\log4j\log4j-to-slf4j\2.24.3\log4j-to-slf4j-2.24.3.jar, C:\Users\Mainswitch\.m2\repository\org\apache\logging\log4j\log4j-api\2.24.3\log4j-api-2.24.3.jar, C:\Users\Mainswitch\.m2\repository\org\slf4j\jul-to-slf4j\2.0.16\jul-to-slf4j-2.0.16.jar, C:\Users\Mainswitch\.m2\repository\jakarta\annotation\jakarta.annotation-api\2.1.1\jakarta.annotation-api-2.1.1.jar, C:\Users\Mainswitch\.m2\repository\org\yaml\snakeyaml\2.3\snakeyaml-2.3.jar, C:\Users\Mainswitch\.m2\repository\org\springframework\boot\spring-boot-starter-jdbc\3.4.3\spring-boot-starter-jdbc-3.4.3.jar, C:\Users\Mainswitch\.m2\repository\com\zaxxer\HikariCP\5.1.0\HikariCP-5.1.0.jar, C:\Users\Mainswitch\.m2\repository\org\springframework\spring-jdbc\6.2.3\spring-jdbc-6.2.3.jar, C:\Users\Mainswitch\.m2\repository\org\hibernate\orm\hibernate-core\6.6.8.Final\hibernate-core-6.6.8.Final.jar, C:\Users\Mainswitch\.m2\repository\jakarta\persistence\jakarta.persistence-api\3.1.0\jakarta.persistence-api-3.1.0.jar, C:\Users\Mainswitch\.m2\repository\jakarta\transaction\jakarta.transaction-api\2.0.1\jakarta.transaction-api-2.0.1.jar, C:\Users\Mainswitch\.m2\repository\org\antlr\antlr4-runtime\4.13.0\antlr4-runtime-4.13.0.jar, C:\Users\Mainswitch\.m2\repository\org\springframework\data\spring-data-jpa\3.4.3\spring-data-jpa-3.4.3.jar, C:\Users\Mainswitch\.m2\repository\org\springframework\data\spring-data-commons\3.4.3\spring-data-commons-3.4.3.jar, C:\Users\Mainswitch\.m2\repository\org\springframework\spring-orm\6.2.3\spring-orm-6.2.3.jar, C:\Users\Mainswitch\.m2\repository\org\springframework\spring-context\6.2.3\spring-context-6.2.3.jar, C:\Users\Mainswitch\.m2\repository\org\springframework\spring-aop\6.2.3\spring-aop-6.2.3.jar, C:\Users\Mainswitch\.m2\repository\org\springframework\spring-tx\6.2.3\spring-tx-6.2.3.jar, C:\Users\Mainswitch\.m2\repository\org\springframework\spring-beans\6.2.3\spring-beans-6.2.3.jar, C:\Users\Mainswitch\.m2\repository\org\slf4j\slf4j-api\2.0.16\slf4j-api-2.0.16.jar, C:\Users\Mainswitch\.m2\repository\org\springframework\spring-aspects\6.2.3\spring-aspects-6.2.3.jar, C:\Users\Mainswitch\.m2\repository\org\aspectj\aspectjweaver\1.9.22.1\aspectjweaver-1.9.22.1.jar, C:\Users\Mainswitch\.m2\repository\org\springframework\boot\spring-boot-starter-web\3.4.3\spring-boot-starter-web-3.4.3.jar, C:\Users\Mainswitch\.m2\repository\org\springframework\boot\spring-boot-starter-json\3.4.3\spring-boot-starter-json-3.4.3.jar, C:\Users\Mainswitch\.m2\repository\com\fasterxml\jackson\core\jackson-databind\2.18.2\jackson-databind-2.18.2.jar, C:\Users\Mainswitch\.m2\repository\com\fasterxml\jackson\core\jackson-annotations\2.18.2\jackson-annotations-2.18.2.jar, C:\Users\Mainswitch\.m2\repository\com\fasterxml\jackson\core\jackson-core\2.18.2\jackson-core-2.18.2.jar, C:\Users\Mainswitch\.m2\repository\com\fasterxml\jackson\datatype\jackson-datatype-jdk8\2.18.2\jackson-datatype-jdk8-2.18.2.jar, C:\Users\Mainswitch\.m2\repository\com\fasterxml\jackson\datatype\jackson-datatype-jsr310\2.18.2\jackson-datatype-jsr310-2.18.2.jar, C:\Users\Mainswitch\.m2\repository\com\fasterxml\jackson\module\jackson-module-parameter-names\2.18.2\jackson-module-parameter-names-2.18.2.jar, C:\Users\Mainswitch\.m2\repository\org\springframework\boot\spring-boot-starter-tomcat\3.4.3\spring-boot-starter-tomcat-3.4.3.jar, C:\Users\Mainswitch\.m2\repository\org\apache\tomcat\embed\tomcat-embed-core\10.1.36\tomcat-embed-core-10.1.36.jar, C:\Users\Mainswitch\.m2\repository\org\apache\tomcat\embed\tomcat-embed-el\10.1.36\tomcat-embed-el-10.1.36.jar, C:\Users\Mainswitch\.m2\repository\org\apache\tomcat\embed\tomcat-embed-websocket\10.1.36\tomcat-embed-websocket-10.1.36.jar, C:\Users\Mainswitch\.m2\repository\org\springframework\spring-web\6.2.3\spring-web-6.2.3.jar, C:\Users\Mainswitch\.m2\repository\io\micrometer\micrometer-observation\1.14.4\micrometer-observation-1.14.4.jar, C:\Users\Mainswitch\.m2\repository\io\micrometer\micrometer-commons\1.14.4\micrometer-commons-1.14.4.jar, C:\Users\Mainswitch\.m2\repository\org\springframework\spring-webmvc\6.2.3\spring-webmvc-6.2.3.jar, C:\Users\Mainswitch\.m2\repository\org\springframework\spring-expression\6.2.3\spring-expression-6.2.3.jar, C:\Users\Mainswitch\.m2\repository\org\projectlombok\lombok\1.18.30\lombok-1.18.30.jar, C:\Users\Mainswitch\.m2\repository\org\springframework\spring-core\6.2.3\spring-core-6.2.3.jar, C:\Users\Mainswitch\.m2\repository\org\springframework\spring-jcl\6.2.3\spring-jcl-6.2.3.jar, C:\Users\Mainswitch\.m2\repository\javax\persistence\javax.persistence-api\2.2\javax.persistence-api-2.2.jar]
[DEBUG]   (f) compileSourceRoots = [C:\Users\Mainswitch\Documents\NetBeansProjects\moabackend\src\main\java]
[DEBUG]   (f) compilerId = javac
[DEBUG]   (f) createMissingPackageInfoClass = true
[DEBUG]   (f) debug = true
[DEBUG]   (f) debugFileName = javac
[DEBUG]   (f) enablePreview = false
[DEBUG]   (f) encoding = UTF-8
[DEBUG]   (f) failOnError = true
[DEBUG]   (f) failOnWarning = false
[DEBUG]   (f) forceJavacCompilerUse = false
[DEBUG]   (f) fork = false
[DEBUG]   (f) generatedSourcesDirectory = C:\Users\Mainswitch\Documents\NetBeansProjects\moabackend\target\generated-sources\annotations
[DEBUG]   (f) mojoExecution = org.apache.maven.plugins:maven-compiler-plugin:3.11.0:compile {execution: default-compile}
[DEBUG]   (f) optimize = false
[DEBUG]   (f) outputDirectory = C:\Users\Mainswitch\Documents\NetBeansProjects\moabackend\target\classes
[DEBUG]   (f) parameters = true
[DEBUG]   (f) project = MavenProject: com.example:moabackend:0.0.1-SNAPSHOT @ C:\Users\Mainswitch\Documents\NetBeansProjects\moabackend\pom.xml
[DEBUG]   (f) projectArtifact = com.example:moabackend:jar:0.0.1-SNAPSHOT
[DEBUG]   (s) release = 17
[DEBUG]   (f) session = org.apache.maven.execution.MavenSession@b887730
[DEBUG]   (f) showCompilationChanges = false
[DEBUG]   (f) showDeprecation = false
[DEBUG]   (f) showWarnings = true
[DEBUG]   (f) skipMultiThreadWarning = false
[DEBUG]   (f) source = 17
[DEBUG]   (f) staleMillis = 0
[DEBUG]   (s) target = 17
[DEBUG]   (f) useIncrementalCompilation = true
[DEBUG]   (f) verbose = false
[DEBUG] -- end configuration --
[DEBUG] Using compiler 'javac'.
[DEBUG] Adding C:\Users\Mainswitch\Documents\NetBeansProjects\moabackend\target\generated-sources\annotations to compile source roots:
  C:\Users\Mainswitch\Documents\NetBeansProjects\moabackend\src\main\java
[DEBUG] New compile source roots:
  C:\Users\Mainswitch\Documents\NetBeansProjects\moabackend\src\main\java
  C:\Users\Mainswitch\Documents\NetBeansProjects\moabackend\target\generated-sources\annotations
[DEBUG] Dependency collection stats {ConflictMarker.analyzeTime=38200, ConflictMarker.markTime=27000, ConflictMarker.nodeCount=2, ConflictIdSorter.graphTime=6600, ConflictIdSorter.topsortTime=14700, ConflictIdSorter.conflictIdCount=1, ConflictIdSorter.conflictIdCycleCount=0, ConflictResolver.totalTime=413800, ConflictResolver.conflictItemCount=1, DfDependencyCollector.collectTime=4858900, DfDependencyCollector.transformTime=529400}
[DEBUG] CompilerReuseStrategy: reuseCreated
[DEBUG] useIncrementalCompilation enabled
[INFO] Nothing to compile - all classes are up to date
[INFO] 
[INFO] --- resources:3.3.1:testResources (default-testResources) @ moabackend ---
[DEBUG] Loading mojo org.apache.maven.plugins:maven-resources-plugin:3.3.1:testResources from plugin realm ClassRealm[plugin>org.apache.maven.plugins:maven-resources-plugin:3.3.1, parent: jdk.internal.loader.ClassLoaders$AppClassLoader@73d16e93]
[DEBUG] Configuring mojo execution 'org.apache.maven.plugins:maven-resources-plugin:3.3.1:testResources:default-testResources' with basic configurator -->
[DEBUG]   (f) addDefaultExcludes = true
[DEBUG]   (f) buildFilters = []
[DEBUG]   (s) delimiters = [@]
[DEBUG]   (f) encoding = UTF-8
[DEBUG]   (f) escapeWindowsPaths = true
[DEBUG]   (f) fileNameFiltering = false
[DEBUG]   (s) includeEmptyDirs = false
[DEBUG]   (s) outputDirectory = C:\Users\Mainswitch\Documents\NetBeansProjects\moabackend\target\test-classes
[DEBUG]   (s) overwrite = false
[DEBUG]   (f) project = MavenProject: com.example:moabackend:0.0.1-SNAPSHOT @ C:\Users\Mainswitch\Documents\NetBeansProjects\moabackend\pom.xml
[DEBUG]   (f) propertiesEncoding = UTF-8
[DEBUG]   (s) resources = [Resource {targetPath: null, filtering: false, FileSet {directory: C:\Users\Mainswitch\Documents\NetBeansProjects\moabackend\src\test\resources, PatternSet [includes: {}, excludes: {}]}}]
[DEBUG]   (f) session = org.apache.maven.execution.MavenSession@b887730
[DEBUG]   (f) skip = false
[DEBUG]   (f) supportMultiLineFiltering = false
[DEBUG]   (f) useBuildFilters = true
[DEBUG]   (s) useDefaultDelimiters = false
[DEBUG] -- end configuration --
[DEBUG] properties used:
[DEBUG] activemq.version: 6.1.5
[DEBUG] angus-mail.version: 2.0.3
[DEBUG] artemis.version: 2.37.0
[DEBUG] aspectj.version: 1.9.22.1
[DEBUG] assertj.version: 3.26.3
[DEBUG] awaitility.version: 4.2.2
[DEBUG] brave.version: 6.0.3
[DEBUG] build-helper-maven-plugin.version: 3.6.0
[DEBUG] byte-buddy.version: 1.15.11
[DEBUG] cache2k.version: 2.6.1.Final
[DEBUG] caffeine.version: 3.1.8
[DEBUG] cassandra-driver.version: 4.18.1
[DEBUG] classmate.version: 1.7.0
[DEBUG] classworlds.conf: C:\Program Files\Maven\apache-maven-3.9.6\bin\m2.conf
[DEBUG] commons-codec.version: 1.17.2
[DEBUG] commons-dbcp2.version: 2.12.0
[DEBUG] commons-lang3.version: 3.17.0
[DEBUG] commons-pool.version: 1.6
[DEBUG] commons-pool2.version: 2.12.1
[DEBUG] couchbase-client.version: 3.7.8
[DEBUG] crac.version: 1.5.0
[DEBUG] cyclonedx-maven-plugin.version: 2.9.1
[DEBUG] db2-jdbc.version: 11.5.9.0
[DEBUG] dependency-management-plugin.version: 1.1.7
[DEBUG] derby.version: 10.16.1.1
[DEBUG] ehcache3.version: 3.10.8
[DEBUG] elasticsearch-client.version: 8.15.5
[DEBUG] env.=C:: C:\Users\Mainswitch\Documents\NetBeansProjects\moabackend
[DEBUG] env.ALLUSERSPROFILE: C:\ProgramData
[DEBUG] env.APPDATA: C:\Users\Mainswitch\AppData\Roaming
[DEBUG] env.CATALINA_HOME: C:\Joget-DX8\apache-tomcat-9.0.97
[DEBUG] env.CHOCOLATEYINSTALL: C:\ProgramData\chocolatey
[DEBUG] env.CHOCOLATEYLASTPATHUPDATE: 133757227669684811
[DEBUG] env.CLASSWORLDS_JAR: "C:\Program Files\Maven\apache-maven-3.9.6\boot\plexus-classworlds-2.7.0.jar"
[DEBUG] env.CLASSWORLDS_LAUNCHER: org.codehaus.plexus.classworlds.launcher.Launcher
[DEBUG] env.COMMONPROGRAMFILES: C:\Program Files\Common Files
[DEBUG] env.COMMONPROGRAMFILES(X86): C:\Program Files (x86)\Common Files
[DEBUG] env.COMMONPROGRAMW6432: C:\Program Files\Common Files
[DEBUG] env.COMPUTERNAME: MAINSWITCH
[DEBUG] env.COMSPEC: C:\Windows\system32\cmd.exe
[DEBUG] env.DHIS2_HOME: C:\DHIS2
[DEBUG] env.DRIVERDATA: C:\Windows\System32\Drivers\DriverData
[DEBUG] env.EFC_12904: 1
[DEBUG] env.ERROR_CODE: 0
[DEBUG] env.EXEC_DIR: C:\Users\Mainswitch\Documents\NetBeansProjects\moabackend
[DEBUG] env.HOMEDRIVE: C:
[DEBUG] env.HOMEPATH: \Users\Mainswitch
[DEBUG] env.JAVACMD: C:\Program Files\OpenLogic\jdk-17.0.14.7-hotspot\\bin\java.exe
[DEBUG] env.JAVA_HOME: C:\Program Files\OpenLogic\jdk-17.0.14.7-hotspot\
[DEBUG] env.JAVA_OPTS: -XX:MaxRAMPercentage=50.0 -Djava.awt.headless=true
[DEBUG] env.JVMCONFIG: \.mvn\jvm.config
[DEBUG] env.LOCALAPPDATA: C:\Users\Mainswitch\AppData\Local
[DEBUG] env.LOGONSERVER: \\MAINSWITCH
[DEBUG] env.MAVEN_CMD_LINE_ARGS: spring-boot:run -X
[DEBUG] env.MAVEN_HOME: C:\Program Files\Maven\apache-maven-3.9.6
[DEBUG] env.MAVEN_PROJECTBASEDIR: C:\Users\Mainswitch\Documents\NetBeansProjects\moabackend
[DEBUG] env.NUMBER_OF_PROCESSORS: 16
[DEBUG] env.ONEDRIVE: C:\Users\Mainswitch\OneDrive
[DEBUG] env.ONEDRIVECONSUMER: C:\Users\Mainswitch\OneDrive
[DEBUG] env.OS: Windows_NT
[DEBUG] env.PATH: C:\Program Files\OpenLogic\jdk-17.0.14.7-hotspot\bin;C:\Python312\Scripts\;C:\Python312\;C:\Program Files (x86)\VMware\VMware Player\bin\;C:\Program Files\OpenLogic\jdk-11.0.23.9-hotspot\bin;C:\Windows\system32;C:\Windows;C:\Windows\System32\Wbem;C:\Windows\System32\WindowsPowerShell\v1.0\;C:\Windows\System32\OpenSSH\;C:\Program Files\dotnet\;C:\Program Files (x86)\Windows Kits\10\Windows Performance Toolkit\;C:\xampp\php;C:\ProgramData\ComposerSetup\bin;C:\Program Files\Git\cmd;C:\Program Files\nodejs\;C:\ProgramData\chocolatey\bin;C:\Windows\system32\config\systemprofile\AppData\Local\Microsoft\WindowsApps;C:\windows\system32\HWAudioDriver\;C:\Program Files\PuTTY\;C:\Program Files\WireGuard\;C:\Program Files\Docker\Docker\resources\bin;C:\Users\Mainswitch\AppData\Local\Programs\Python\Launcher\;C:\Users\Mainswitch\AppData\Local\Microsoft\WindowsApps;C:\flutter\bin;C:\msys64\ucrt64\bin;C:\Users\Mainswitch\AppData\Roaming\Composer\vendor\bin;C:\Users\Mainswitch\AppData\Local\Yarn\bin;C:\Users\Mainswitch\AppData\Roaming\npm;C:\Users\Mainswitch\AppData\Local\JetBrains\Toolbox\scripts;C:\Users\Mainswitch\AppData\Local\Programs\Microsoft VS Code\bin;C:\Users\Mainswitch\AppData\Local\GitHubDesktop\bin;C:\Program Files\MariaDB 11.6\bin;C:\Users\Mainswitch\AppData\Local\Programs\Windsurf\bin;C:\Users\Mainswitch\AppData\Local\Programs\VSCodium\bin;C:\Users\Mainswitch\AppData\Local\Microsoft\WinGet\Links;C:\Users\Mainswitch\.kube\config;;C:\Program Files\Maven\apache-maven-3.9.6\bin;
[DEBUG] env.PATHEXT: .COM;.EXE;.BAT;.CMD;.VBS;.VBE;.JS;.JSE;.WSF;.WSH;.MSC;.PY;.PYW
[DEBUG] env.PROCESSOR_ARCHITECTURE: AMD64
[DEBUG] env.PROCESSOR_IDENTIFIER: Intel64 Family 6 Model 154 Stepping 3, GenuineIntel
[DEBUG] env.PROCESSOR_LEVEL: 6
[DEBUG] env.PROCESSOR_REVISION: 9a03
[DEBUG] env.PROGRAMDATA: C:\ProgramData
[DEBUG] env.PROGRAMFILES: C:\Program Files
[DEBUG] env.PROGRAMFILES(X86): C:\Program Files (x86)
[DEBUG] env.PROGRAMW6432: C:\Program Files
[DEBUG] env.PROMPT: $P$G
[DEBUG] env.PSMODULEPATH: C:\Program Files\WindowsPowerShell\Modules;C:\Windows\system32\WindowsPowerShell\v1.0\Modules
[DEBUG] env.PT8HOME: C:\Program Files\Cisco Packet Tracer 8.2.2
[DEBUG] env.PUBLIC: C:\Users\Public
[DEBUG] env.SESSIONNAME: Console
[DEBUG] env.SYSTEMDRIVE: C:
[DEBUG] env.SYSTEMROOT: C:\Windows
[DEBUG] env.TEMP: C:\Users\MAINSW~1\AppData\Local\Temp
[DEBUG] env.TMP: C:\Users\MAINSW~1\AppData\Local\Temp
[DEBUG] env.USERDOMAIN: MAINSWITCH
[DEBUG] env.USERDOMAIN_ROAMINGPROFILE: MAINSWITCH
[DEBUG] env.USERNAME: Mainswitch
[DEBUG] env.USERPROFILE: C:\Users\Mainswitch
[DEBUG] env.VBOX_MSI_INSTALL_PATH: C:\Program Files\Oracle\VirtualBox\
[DEBUG] env.WDIR: C:\Users\Mainswitch\Documents\NetBeansProjects\moabackend
[DEBUG] env.WINDIR: C:\Windows
[DEBUG] env.ZES_ENABLE_SYSMAN: 1
[DEBUG] file.encoding: Cp1252
[DEBUG] file.separator: \
[DEBUG] flyway.version: 10.20.1
[DEBUG] freemarker.version: 2.3.34
[DEBUG] git-commit-id-maven-plugin.version: 9.0.1
[DEBUG] glassfish-jaxb.version: 4.0.5
[DEBUG] glassfish-jstl.version: 3.0.1
[DEBUG] graphql-java.version: 22.3
[DEBUG] groovy.version: 4.0.25
[DEBUG] gson.version: 2.11.0
[DEBUG] h2.version: 2.3.232
[DEBUG] hamcrest.version: 2.2
[DEBUG] hazelcast.version: 5.5.0
[DEBUG] hibernate-validator.version: 8.0.2.Final
[DEBUG] hibernate.version: 6.6.8.Final
[DEBUG] hikaricp.version: 5.1.0
[DEBUG] hsqldb.version: 2.7.3
[DEBUG] htmlunit.version: 4.5.0
[DEBUG] httpasyncclient.version: 4.1.5
[DEBUG] httpclient5.version: 5.4.2
[DEBUG] httpcore.version: 4.4.16
[DEBUG] httpcore5.version: 5.3.3
[DEBUG] infinispan.version: 15.0.13.Final
[DEBUG] influxdb-java.version: 2.24
[DEBUG] jackson-bom.version: 2.18.2
[DEBUG] jakarta-activation.version: 2.1.3
[DEBUG] jakarta-annotation.version: 2.1.1
[DEBUG] jakarta-inject.version: 2.0.1
[DEBUG] jakarta-jms.version: 3.1.0
[DEBUG] jakarta-json-bind.version: 3.0.1
[DEBUG] jakarta-json.version: 2.1.3
[DEBUG] jakarta-mail.version: 2.1.3
[DEBUG] jakarta-management.version: 1.1.4
[DEBUG] jakarta-persistence.version: 3.1.0
[DEBUG] jakarta-servlet-jsp-jstl.version: 3.0.2
[DEBUG] jakarta-servlet.version: 6.0.0
[DEBUG] jakarta-transaction.version: 2.0.1
[DEBUG] jakarta-validation.version: 3.0.2
[DEBUG] jakarta-websocket.version: 2.1.1
[DEBUG] jakarta-ws-rs.version: 3.1.0
[DEBUG] jakarta-xml-bind.version: 4.0.2
[DEBUG] jakarta-xml-soap.version: 3.0.2
[DEBUG] jakarta-xml-ws.version: 4.0.2
[DEBUG] janino.version: 3.1.12
[DEBUG] java.class.path: C:\Program Files\Maven\apache-maven-3.9.6\boot\plexus-classworlds-2.7.0.jar
[DEBUG] java.class.version: 61.0
[DEBUG] java.home: C:\Program Files\OpenLogic\jdk-17.0.14.7-hotspot
[DEBUG] java.io.tmpdir: C:\Users\MAINSW~1\AppData\Local\Temp\
[DEBUG] java.library.path: C:\Program Files\OpenLogic\jdk-17.0.14.7-hotspot\bin;C:\Windows\Sun\Java\bin;C:\Windows\system32;C:\Windows;C:\Program Files\OpenLogic\jdk-17.0.14.7-hotspot\bin;C:\Python312\Scripts\;C:\Python312\;C:\Program Files (x86)\VMware\VMware Player\bin\;C:\Program Files\OpenLogic\jdk-11.0.23.9-hotspot\bin;C:\Windows\system32;C:\Windows;C:\Windows\System32\Wbem;C:\Windows\System32\WindowsPowerShell\v1.0\;C:\Windows\System32\OpenSSH\;C:\Program Files\dotnet\;C:\Program Files (x86)\Windows Kits\10\Windows Performance Toolkit\;C:\xampp\php;C:\ProgramData\ComposerSetup\bin;C:\Program Files\Git\cmd;C:\Program Files\nodejs\;C:\ProgramData\chocolatey\bin;C:\Windows\system32\config\systemprofile\AppData\Local\Microsoft\WindowsApps;C:\windows\system32\HWAudioDriver\;C:\Program Files\PuTTY\;C:\Program Files\WireGuard\;C:\Program Files\Docker\Docker\resources\bin;C:\Users\Mainswitch\AppData\Local\Programs\Python\Launcher\;C:\Users\Mainswitch\AppData\Local\Microsoft\WindowsApps;C:\flutter\bin;C:\msys64\ucrt64\bin;C:\Users\Mainswitch\AppData\Roaming\Composer\vendor\bin;C:\Users\Mainswitch\AppData\Local\Yarn\bin;C:\Users\Mainswitch\AppData\Roaming\npm;C:\Users\Mainswitch\AppData\Local\JetBrains\Toolbox\scripts;C:\Users\Mainswitch\AppData\Local\Programs\Microsoft VS Code\bin;C:\Users\Mainswitch\AppData\Local\GitHubDesktop\bin;C:\Program Files\MariaDB 11.6\bin;C:\Users\Mainswitch\AppData\Local\Programs\Windsurf\bin;C:\Users\Mainswitch\AppData\Local\Programs\VSCodium\bin;C:\Users\Mainswitch\AppData\Local\Microsoft\WinGet\Links;C:\Users\Mainswitch\.kube\config;;C:\Program Files\Maven\apache-maven-3.9.6\bin;;.
[DEBUG] java.runtime.name: OpenJDK Runtime Environment
[DEBUG] java.runtime.version: 17.0.14+7-adhoc..jdk17u
[DEBUG] java.specification.maintenance.version: 1
[DEBUG] java.specification.name: Java Platform API Specification
[DEBUG] java.specification.vendor: Oracle Corporation
[DEBUG] java.specification.version: 17
[DEBUG] java.vendor: OpenLogic
[DEBUG] java.vendor.url: https://openlogic.com/
[DEBUG] java.vendor.url.bug: https://techsupport.roguewave.com/
[DEBUG] java.vendor.version: OpenLogic-OpenJDK
[DEBUG] java.version: 17.0.14
[DEBUG] java.version.date: 2025-01-21
[DEBUG] java.vm.compressedOopsMode: Zero based
[DEBUG] java.vm.info: mixed mode, sharing
[DEBUG] java.vm.name: OpenJDK 64-Bit Server VM
[DEBUG] java.vm.specification.name: Java Virtual Machine Specification
[DEBUG] java.vm.specification.vendor: Oracle Corporation
[DEBUG] java.vm.specification.version: 17
[DEBUG] java.vm.vendor: OpenLogic
[DEBUG] java.vm.version: 17.0.14+7-adhoc..jdk17u
[DEBUG] javax-cache.version: 1.1.1
[DEBUG] javax-money.version: 1.1
[DEBUG] jaxen.version: 2.0.0
[DEBUG] jaybird.version: 5.0.6.java11
[DEBUG] jboss-logging.version: 3.6.1.Final
[DEBUG] jdk.debug: release
[DEBUG] jdom2.version: 2.0.6.1
[DEBUG] jedis.version: 5.2.0
[DEBUG] jersey.version: 3.1.10
[DEBUG] jetty-reactive-httpclient.version: 4.0.8
[DEBUG] jetty.version: 12.0.16
[DEBUG] jmustache.version: 1.16
[DEBUG] jooq.version: 3.19.19
[DEBUG] json-path.version: 2.9.0
[DEBUG] json-smart.version: 2.5.2
[DEBUG] jsonassert.version: 1.5.3
[DEBUG] jtds.version: 1.3.1
[DEBUG] junit-jupiter.version: 5.11.4
[DEBUG] junit.version: 4.13.2
[DEBUG] kafka.version: 3.8.1
[DEBUG] kotlin-coroutines.version: 1.8.1
[DEBUG] kotlin-serialization.version: 1.6.3
[DEBUG] kotlin.version: 1.9.25
[DEBUG] lettuce.version: 6.4.2.RELEASE
[DEBUG] library.jansi.path: C:\Program Files\Maven\apache-maven-3.9.6\lib\jansi-native
[DEBUG] line.separator: 

[DEBUG] liquibase.version: 4.29.2
[DEBUG] log4j2.version: 2.24.3
[DEBUG] logback.version: 1.5.16
[DEBUG] lombok.version: 1.18.36
[DEBUG] mariadb.version: 3.4.1
[DEBUG] maven-antrun-plugin.version: 3.1.0
[DEBUG] maven-assembly-plugin.version: 3.7.1
[DEBUG] maven-clean-plugin.version: 3.4.1
[DEBUG] maven-compiler-plugin.version: 3.13.0
[DEBUG] maven-dependency-plugin.version: 3.8.1
[DEBUG] maven-deploy-plugin.version: 3.1.3
[DEBUG] maven-enforcer-plugin.version: 3.5.0
[DEBUG] maven-failsafe-plugin.version: 3.5.2
[DEBUG] maven-help-plugin.version: 3.5.1
[DEBUG] maven-install-plugin.version: 3.1.3
[DEBUG] maven-invoker-plugin.version: 3.8.1
[DEBUG] maven-jar-plugin.version: 3.4.2
[DEBUG] maven-javadoc-plugin.version: 3.10.1
[DEBUG] maven-resources-plugin.version: 3.3.1
[DEBUG] maven-shade-plugin.version: 3.6.0
[DEBUG] maven-source-plugin.version: 3.3.1
[DEBUG] maven-surefire-plugin.version: 3.5.2
[DEBUG] maven-war-plugin.version: 3.4.0
[DEBUG] maven.build.timestamp: 2025-03-05T19:13:34Z
[DEBUG] maven.build.version: Apache Maven 3.9.6 (bc0240f3c744dd6b6ec2920b3cd08dcc295161ae)
[DEBUG] maven.compiler.release: 17
[DEBUG] maven.conf: C:\Program Files\Maven\apache-maven-3.9.6/conf
[DEBUG] maven.home: C:\Program Files\Maven\apache-maven-3.9.6
[DEBUG] maven.multiModuleProjectDirectory: C:\Users\Mainswitch\Documents\NetBeansProjects\moabackend
[DEBUG] maven.version: 3.9.6
[DEBUG] micrometer-tracing.version: 1.4.3
[DEBUG] micrometer.version: 1.14.4
[DEBUG] mockito.version: 5.14.2
[DEBUG] mongodb.version: 5.2.1
[DEBUG] mssql-jdbc.version: 12.8.1.jre11
[DEBUG] mysql.version: 9.1.0
[DEBUG] native-build-tools-plugin.version: 0.10.5
[DEBUG] native.encoding: Cp1252
[DEBUG] nekohtml.version: 1.9.22
[DEBUG] neo4j-java-driver.version: 5.28.1
[DEBUG] netty.version: 4.1.118.Final
[DEBUG] opentelemetry.version: 1.43.0
[DEBUG] oracle-database.version: 23.5.0.24.07
[DEBUG] oracle-r2dbc.version: 1.2.0
[DEBUG] os.arch: amd64
[DEBUG] os.name: Windows 11
[DEBUG] os.version: 10.0
[DEBUG] path.separator: ;
[DEBUG] pooled-jms.version: 3.1.7
[DEBUG] postgresql.version: 42.7.5
[DEBUG] project.baseUri: file:/C:/Users/Mainswitch/Documents/NetBeansProjects/moabackend/
[DEBUG] project.build.sourceEncoding: UTF-8
[DEBUG] project.reporting.outputEncoding: UTF-8
[DEBUG] prometheus-client.version: 1.3.6
[DEBUG] prometheus-simpleclient.version: 0.16.0
[DEBUG] pulsar-reactive.version: 0.5.10
[DEBUG] pulsar.version: 3.3.4
[DEBUG] quartz.version: 2.3.2
[DEBUG] querydsl.version: 5.1.0
[DEBUG] r2dbc-h2.version: 1.0.0.RELEASE
[DEBUG] r2dbc-mariadb.version: 1.2.2
[DEBUG] r2dbc-mssql.version: 1.0.2.RELEASE
[DEBUG] r2dbc-mysql.version: 1.3.2
[DEBUG] r2dbc-pool.version: 1.0.2.RELEASE
[DEBUG] r2dbc-postgresql.version: 1.0.7.RELEASE
[DEBUG] r2dbc-proxy.version: 1.1.5.RELEASE
[DEBUG] r2dbc-spi.version: 1.0.0.RELEASE
[DEBUG] rabbit-amqp-client.version: 5.22.0
[DEBUG] rabbit-stream-client.version: 0.18.0
[DEBUG] reactive-streams.version: 1.0.4
[DEBUG] reactor-bom.version: 2024.0.3
[DEBUG] resource.delimiter: @
[DEBUG] rest-assured.version: 5.5.1
[DEBUG] rsocket.version: 1.1.5
[DEBUG] rxjava3.version: 3.1.10
[DEBUG] saaj-impl.version: 3.0.4
[DEBUG] selenium-htmlunit.version: 4.25.0
[DEBUG] selenium.version: 4.25.0
[DEBUG] sendgrid.version: 4.10.3
[DEBUG] slf4j.version: 2.0.16
[DEBUG] snakeyaml.version: 2.3
[DEBUG] spring-amqp.version: 3.2.3
[DEBUG] spring-authorization-server.version: 1.4.2
[DEBUG] spring-batch.version: 5.2.1
[DEBUG] spring-boot.run.main-class: ${start-class}
[DEBUG] spring-data-bom.version: 2024.1.3
[DEBUG] spring-framework.version: 6.2.3
[DEBUG] spring-graphql.version: 1.3.4
[DEBUG] spring-hateoas.version: 2.4.1
[DEBUG] spring-integration.version: 6.4.2
[DEBUG] spring-kafka.version: 3.3.3
[DEBUG] spring-ldap.version: 3.2.11
[DEBUG] spring-pulsar.version: 1.2.3
[DEBUG] spring-restdocs.version: 3.0.3
[DEBUG] spring-retry.version: 2.0.11
[DEBUG] spring-security.version: 6.4.3
[DEBUG] spring-session.version: 3.4.2
[DEBUG] spring-ws.version: 4.0.11
[DEBUG] sqlite-jdbc.version: 3.47.2.0
[DEBUG] sun.arch.data.model: 64
[DEBUG] sun.boot.library.path: C:\Program Files\OpenLogic\jdk-17.0.14.7-hotspot\bin
[DEBUG] sun.cpu.endian: little
[DEBUG] sun.cpu.isalist: amd64
[DEBUG] sun.io.unicode.encoding: UnicodeLittle
[DEBUG] sun.java.command: org.codehaus.plexus.classworlds.launcher.Launcher spring-boot:run -X
[DEBUG] sun.java.launcher: SUN_STANDARD
[DEBUG] sun.jnu.encoding: Cp1252
[DEBUG] sun.management.compiler: HotSpot 64-Bit Tiered Compilers
[DEBUG] sun.os.patch.level: 
[DEBUG] sun.stderr.encoding: cp437
[DEBUG] testcontainers-redis-module.version: 2.2.4
[DEBUG] testcontainers.version: 1.20.5
[DEBUG] thymeleaf-extras-data-attribute.version: 2.0.1
[DEBUG] thymeleaf-extras-springsecurity.version: 3.1.3.RELEASE
[DEBUG] thymeleaf-layout-dialect.version: 3.3.0
[DEBUG] thymeleaf.version: 3.1.3.RELEASE
[DEBUG] tomcat.version: 10.1.36
[DEBUG] unboundid-ldapsdk.version: 6.0.11
[DEBUG] undertow.version: 2.3.18.Final
[DEBUG] user.country: US
[DEBUG] user.dir: C:\Users\Mainswitch\Documents\NetBeansProjects\moabackend
[DEBUG] user.home: C:\Users\Mainswitch
[DEBUG] user.language: en
[DEBUG] user.name: Mainswitch
[DEBUG] user.script: 
[DEBUG] user.variant: 
[DEBUG] versions-maven-plugin.version: 2.17.1
[DEBUG] webjars-locator-core.version: 0.59
[DEBUG] webjars-locator-lite.version: 1.0.1
[DEBUG] wsdl4j.version: 1.6.3
[DEBUG] xml-maven-plugin.version: 1.1.0
[DEBUG] xmlunit2.version: 2.10.0
[DEBUG] yasson.version: 3.0.4
[DEBUG] zipkin-reporter.version: 3.4.3
[DEBUG] Using 'UTF-8' encoding to copy filtered resources.
[DEBUG] Using 'UTF-8' encoding to copy filtered properties files.
[DEBUG] resource with targetPath null
directory C:\Users\Mainswitch\Documents\NetBeansProjects\moabackend\src\test\resources
excludes []
includes []
[INFO] skip non existing resourceDirectory C:\Users\Mainswitch\Documents\NetBeansProjects\moabackend\src\test\resources
[DEBUG] no user filter components
[INFO] 
[INFO] --- compiler:3.11.0:testCompile (default-testCompile) @ moabackend ---
[DEBUG] Loading mojo org.apache.maven.plugins:maven-compiler-plugin:3.11.0:testCompile from plugin realm ClassRealm[plugin>org.apache.maven.plugins:maven-compiler-plugin:3.11.0, parent: jdk.internal.loader.ClassLoaders$AppClassLoader@73d16e93]
[DEBUG] Configuring mojo execution 'org.apache.maven.plugins:maven-compiler-plugin:3.11.0:testCompile:default-testCompile' with basic configurator -->
[DEBUG]   (s) groupId = org.projectlombok
[DEBUG]   (s) artifactId = lombok
[DEBUG]   (s) version = 1.18.30
[DEBUG]   (f) annotationProcessorPaths = [org.projectlombok:lombok:1.18.30.jar]
[DEBUG]   (f) basedir = C:\Users\Mainswitch\Documents\NetBeansProjects\moabackend
[DEBUG]   (f) buildDirectory = C:\Users\Mainswitch\Documents\NetBeansProjects\moabackend\target
[DEBUG]   (f) compileSourceRoots = [C:\Users\Mainswitch\Documents\NetBeansProjects\moabackend\src\test\java]
[DEBUG]   (f) compilerId = javac
[DEBUG]   (f) createMissingPackageInfoClass = true
[DEBUG]   (f) debug = true
[DEBUG]   (f) debugFileName = javac-test
[DEBUG]   (f) enablePreview = false
[DEBUG]   (f) encoding = UTF-8
[DEBUG]   (f) failOnError = true
[DEBUG]   (f) failOnWarning = false
[DEBUG]   (f) forceJavacCompilerUse = false
[DEBUG]   (f) fork = false
[DEBUG]   (f) generatedTestSourcesDirectory = C:\Users\Mainswitch\Documents\NetBeansProjects\moabackend\target\generated-test-sources\test-annotations
[DEBUG]   (f) mojoExecution = org.apache.maven.plugins:maven-compiler-plugin:3.11.0:testCompile {execution: default-testCompile}
[DEBUG]   (f) optimize = false
[DEBUG]   (f) outputDirectory = C:\Users\Mainswitch\Documents\NetBeansProjects\moabackend\target\test-classes
[DEBUG]   (f) parameters = true
[DEBUG]   (f) project = MavenProject: com.example:moabackend:0.0.1-SNAPSHOT @ C:\Users\Mainswitch\Documents\NetBeansProjects\moabackend\pom.xml
[DEBUG]   (s) release = 17
[DEBUG]   (f) session = org.apache.maven.execution.MavenSession@b887730
[DEBUG]   (f) showCompilationChanges = false
[DEBUG]   (f) showDeprecation = false
[DEBUG]   (f) showWarnings = true
[DEBUG]   (f) skipMultiThreadWarning = false
[DEBUG]   (f) source = 17
[DEBUG]   (f) staleMillis = 0
[DEBUG]   (s) target = 17
[DEBUG]   (f) testPath = [C:\Users\Mainswitch\Documents\NetBeansProjects\moabackend\target\test-classes, C:\Users\Mainswitch\Documents\NetBeansProjects\moabackend\target\classes, C:\Users\Mainswitch\.m2\repository\org\springframework\boot\spring-boot-starter-data-jpa\3.4.3\spring-boot-starter-data-jpa-3.4.3.jar, C:\Users\Mainswitch\.m2\repository\org\springframework\boot\spring-boot-starter\3.4.3\spring-boot-starter-3.4.3.jar, C:\Users\Mainswitch\.m2\repository\org\springframework\boot\spring-boot\3.4.3\spring-boot-3.4.3.jar, C:\Users\Mainswitch\.m2\repository\org\springframework\boot\spring-boot-autoconfigure\3.4.3\spring-boot-autoconfigure-3.4.3.jar, C:\Users\Mainswitch\.m2\repository\org\springframework\boot\spring-boot-starter-logging\3.4.3\spring-boot-starter-logging-3.4.3.jar, C:\Users\Mainswitch\.m2\repository\ch\qos\logback\logback-classic\1.5.16\logback-classic-1.5.16.jar, C:\Users\Mainswitch\.m2\repository\ch\qos\logback\logback-core\1.5.16\logback-core-1.5.16.jar, C:\Users\Mainswitch\.m2\repository\org\apache\logging\log4j\log4j-to-slf4j\2.24.3\log4j-to-slf4j-2.24.3.jar, C:\Users\Mainswitch\.m2\repository\org\apache\logging\log4j\log4j-api\2.24.3\log4j-api-2.24.3.jar, C:\Users\Mainswitch\.m2\repository\org\slf4j\jul-to-slf4j\2.0.16\jul-to-slf4j-2.0.16.jar, C:\Users\Mainswitch\.m2\repository\jakarta\annotation\jakarta.annotation-api\2.1.1\jakarta.annotation-api-2.1.1.jar, C:\Users\Mainswitch\.m2\repository\org\yaml\snakeyaml\2.3\snakeyaml-2.3.jar, C:\Users\Mainswitch\.m2\repository\org\springframework\boot\spring-boot-starter-jdbc\3.4.3\spring-boot-starter-jdbc-3.4.3.jar, C:\Users\Mainswitch\.m2\repository\com\zaxxer\HikariCP\5.1.0\HikariCP-5.1.0.jar, C:\Users\Mainswitch\.m2\repository\org\springframework\spring-jdbc\6.2.3\spring-jdbc-6.2.3.jar, C:\Users\Mainswitch\.m2\repository\org\hibernate\orm\hibernate-core\6.6.8.Final\hibernate-core-6.6.8.Final.jar, C:\Users\Mainswitch\.m2\repository\jakarta\persistence\jakarta.persistence-api\3.1.0\jakarta.persistence-api-3.1.0.jar, C:\Users\Mainswitch\.m2\repository\jakarta\transaction\jakarta.transaction-api\2.0.1\jakarta.transaction-api-2.0.1.jar, C:\Users\Mainswitch\.m2\repository\org\jboss\logging\jboss-logging\3.6.1.Final\jboss-logging-3.6.1.Final.jar, C:\Users\Mainswitch\.m2\repository\org\hibernate\common\hibernate-commons-annotations\7.0.3.Final\hibernate-commons-annotations-7.0.3.Final.jar, C:\Users\Mainswitch\.m2\repository\io\smallrye\jandex\3.2.0\jandex-3.2.0.jar, C:\Users\Mainswitch\.m2\repository\com\fasterxml\classmate\1.7.0\classmate-1.7.0.jar, C:\Users\Mainswitch\.m2\repository\net\bytebuddy\byte-buddy\1.15.11\byte-buddy-1.15.11.jar, C:\Users\Mainswitch\.m2\repository\org\glassfish\jaxb\jaxb-runtime\4.0.5\jaxb-runtime-4.0.5.jar, C:\Users\Mainswitch\.m2\repository\org\glassfish\jaxb\jaxb-core\4.0.5\jaxb-core-4.0.5.jar, C:\Users\Mainswitch\.m2\repository\org\eclipse\angus\angus-activation\2.0.2\angus-activation-2.0.2.jar, C:\Users\Mainswitch\.m2\repository\org\glassfish\jaxb\txw2\4.0.5\txw2-4.0.5.jar, C:\Users\Mainswitch\.m2\repository\com\sun\istack\istack-commons-runtime\4.1.2\istack-commons-runtime-4.1.2.jar, C:\Users\Mainswitch\.m2\repository\jakarta\inject\jakarta.inject-api\2.0.1\jakarta.inject-api-2.0.1.jar, C:\Users\Mainswitch\.m2\repository\org\antlr\antlr4-runtime\4.13.0\antlr4-runtime-4.13.0.jar, C:\Users\Mainswitch\.m2\repository\org\springframework\data\spring-data-jpa\3.4.3\spring-data-jpa-3.4.3.jar, C:\Users\Mainswitch\.m2\repository\org\springframework\data\spring-data-commons\3.4.3\spring-data-commons-3.4.3.jar, C:\Users\Mainswitch\.m2\repository\org\springframework\spring-orm\6.2.3\spring-orm-6.2.3.jar, C:\Users\Mainswitch\.m2\repository\org\springframework\spring-context\6.2.3\spring-context-6.2.3.jar, C:\Users\Mainswitch\.m2\repository\org\springframework\spring-aop\6.2.3\spring-aop-6.2.3.jar, C:\Users\Mainswitch\.m2\repository\org\springframework\spring-tx\6.2.3\spring-tx-6.2.3.jar, C:\Users\Mainswitch\.m2\repository\org\springframework\spring-beans\6.2.3\spring-beans-6.2.3.jar, C:\Users\Mainswitch\.m2\repository\org\slf4j\slf4j-api\2.0.16\slf4j-api-2.0.16.jar, C:\Users\Mainswitch\.m2\repository\org\springframework\spring-aspects\6.2.3\spring-aspects-6.2.3.jar, C:\Users\Mainswitch\.m2\repository\org\aspectj\aspectjweaver\1.9.22.1\aspectjweaver-1.9.22.1.jar, C:\Users\Mainswitch\.m2\repository\org\springframework\boot\spring-boot-starter-web\3.4.3\spring-boot-starter-web-3.4.3.jar, C:\Users\Mainswitch\.m2\repository\org\springframework\boot\spring-boot-starter-json\3.4.3\spring-boot-starter-json-3.4.3.jar, C:\Users\Mainswitch\.m2\repository\com\fasterxml\jackson\core\jackson-databind\2.18.2\jackson-databind-2.18.2.jar, C:\Users\Mainswitch\.m2\repository\com\fasterxml\jackson\core\jackson-annotations\2.18.2\jackson-annotations-2.18.2.jar, C:\Users\Mainswitch\.m2\repository\com\fasterxml\jackson\core\jackson-core\2.18.2\jackson-core-2.18.2.jar, C:\Users\Mainswitch\.m2\repository\com\fasterxml\jackson\datatype\jackson-datatype-jdk8\2.18.2\jackson-datatype-jdk8-2.18.2.jar, C:\Users\Mainswitch\.m2\repository\com\fasterxml\jackson\datatype\jackson-datatype-jsr310\2.18.2\jackson-datatype-jsr310-2.18.2.jar, C:\Users\Mainswitch\.m2\repository\com\fasterxml\jackson\module\jackson-module-parameter-names\2.18.2\jackson-module-parameter-names-2.18.2.jar, C:\Users\Mainswitch\.m2\repository\org\springframework\boot\spring-boot-starter-tomcat\3.4.3\spring-boot-starter-tomcat-3.4.3.jar, C:\Users\Mainswitch\.m2\repository\org\apache\tomcat\embed\tomcat-embed-core\10.1.36\tomcat-embed-core-10.1.36.jar, C:\Users\Mainswitch\.m2\repository\org\apache\tomcat\embed\tomcat-embed-el\10.1.36\tomcat-embed-el-10.1.36.jar, C:\Users\Mainswitch\.m2\repository\org\apache\tomcat\embed\tomcat-embed-websocket\10.1.36\tomcat-embed-websocket-10.1.36.jar, C:\Users\Mainswitch\.m2\repository\org\springframework\spring-web\6.2.3\spring-web-6.2.3.jar, C:\Users\Mainswitch\.m2\repository\io\micrometer\micrometer-observation\1.14.4\micrometer-observation-1.14.4.jar, C:\Users\Mainswitch\.m2\repository\io\micrometer\micrometer-commons\1.14.4\micrometer-commons-1.14.4.jar, C:\Users\Mainswitch\.m2\repository\org\springframework\spring-webmvc\6.2.3\spring-webmvc-6.2.3.jar, C:\Users\Mainswitch\.m2\repository\org\springframework\spring-expression\6.2.3\spring-expression-6.2.3.jar, C:\Users\Mainswitch\.m2\repository\com\h2database\h2\2.3.232\h2-2.3.232.jar, C:\Users\Mainswitch\.m2\repository\org\projectlombok\lombok\1.18.30\lombok-1.18.30.jar, C:\Users\Mainswitch\.m2\repository\org\springframework\boot\spring-boot-starter-test\3.4.3\spring-boot-starter-test-3.4.3.jar, C:\Users\Mainswitch\.m2\repository\org\springframework\boot\spring-boot-test\3.4.3\spring-boot-test-3.4.3.jar, C:\Users\Mainswitch\.m2\repository\org\springframework\boot\spring-boot-test-autoconfigure\3.4.3\spring-boot-test-autoconfigure-3.4.3.jar, C:\Users\Mainswitch\.m2\repository\com\jayway\jsonpath\json-path\2.9.0\json-path-2.9.0.jar, C:\Users\Mainswitch\.m2\repository\jakarta\xml\bind\jakarta.xml.bind-api\4.0.2\jakarta.xml.bind-api-4.0.2.jar, C:\Users\Mainswitch\.m2\repository\jakarta\activation\jakarta.activation-api\2.1.3\jakarta.activation-api-2.1.3.jar, C:\Users\Mainswitch\.m2\repository\net\minidev\json-smart\2.5.2\json-smart-2.5.2.jar, C:\Users\Mainswitch\.m2\repository\net\minidev\accessors-smart\2.5.2\accessors-smart-2.5.2.jar, C:\Users\Mainswitch\.m2\repository\org\ow2\asm\asm\9.7.1\asm-9.7.1.jar, C:\Users\Mainswitch\.m2\repository\org\assertj\assertj-core\3.26.3\assertj-core-3.26.3.jar, C:\Users\Mainswitch\.m2\repository\org\awaitility\awaitility\4.2.2\awaitility-4.2.2.jar, C:\Users\Mainswitch\.m2\repository\org\hamcrest\hamcrest\2.2\hamcrest-2.2.jar, C:\Users\Mainswitch\.m2\repository\org\junit\jupiter\junit-jupiter\5.11.4\junit-jupiter-5.11.4.jar, C:\Users\Mainswitch\.m2\repository\org\junit\jupiter\junit-jupiter-api\5.11.4\junit-jupiter-api-5.11.4.jar, C:\Users\Mainswitch\.m2\repository\org\opentest4j\opentest4j\1.3.0\opentest4j-1.3.0.jar, C:\Users\Mainswitch\.m2\repository\org\junit\platform\junit-platform-commons\1.11.4\junit-platform-commons-1.11.4.jar, C:\Users\Mainswitch\.m2\repository\org\apiguardian\apiguardian-api\1.1.2\apiguardian-api-1.1.2.jar, C:\Users\Mainswitch\.m2\repository\org\junit\jupiter\junit-jupiter-params\5.11.4\junit-jupiter-params-5.11.4.jar, C:\Users\Mainswitch\.m2\repository\org\junit\jupiter\junit-jupiter-engine\5.11.4\junit-jupiter-engine-5.11.4.jar, C:\Users\Mainswitch\.m2\repository\org\junit\platform\junit-platform-engine\1.11.4\junit-platform-engine-1.11.4.jar, C:\Users\Mainswitch\.m2\repository\org\mockito\mockito-core\5.14.2\mockito-core-5.14.2.jar, C:\Users\Mainswitch\.m2\repository\net\bytebuddy\byte-buddy-agent\1.15.11\byte-buddy-agent-1.15.11.jar, C:\Users\Mainswitch\.m2\repository\org\objenesis\objenesis\3.3\objenesis-3.3.jar, C:\Users\Mainswitch\.m2\repository\org\mockito\mockito-junit-jupiter\5.14.2\mockito-junit-jupiter-5.14.2.jar, C:\Users\Mainswitch\.m2\repository\org\skyscreamer\jsonassert\1.5.3\jsonassert-1.5.3.jar, C:\Users\Mainswitch\.m2\repository\com\vaadin\external\google\android-json\0.0.20131108.vaadin1\android-json-0.0.20131108.vaadin1.jar, C:\Users\Mainswitch\.m2\repository\org\springframework\spring-core\6.2.3\spring-core-6.2.3.jar, C:\Users\Mainswitch\.m2\repository\org\springframework\spring-jcl\6.2.3\spring-jcl-6.2.3.jar, C:\Users\Mainswitch\.m2\repository\org\springframework\spring-test\6.2.3\spring-test-6.2.3.jar, C:\Users\Mainswitch\.m2\repository\org\xmlunit\xmlunit-core\2.10.0\xmlunit-core-2.10.0.jar, C:\Users\Mainswitch\.m2\repository\javax\persistence\javax.persistence-api\2.2\javax.persistence-api-2.2.jar]
[DEBUG]   (f) useIncrementalCompilation = true
[DEBUG]   (f) useModulePath = true
[DEBUG]   (f) verbose = false
[DEBUG] -- end configuration --
[DEBUG] Using compiler 'javac'.
[DEBUG] Adding C:\Users\Mainswitch\Documents\NetBeansProjects\moabackend\target\generated-test-sources\test-annotations to test-compile source roots:
  C:\Users\Mainswitch\Documents\NetBeansProjects\moabackend\src\test\java
[DEBUG] New test-compile source roots:
  C:\Users\Mainswitch\Documents\NetBeansProjects\moabackend\src\test\java
  C:\Users\Mainswitch\Documents\NetBeansProjects\moabackend\target\generated-test-sources\test-annotations
[DEBUG] Dependency collection stats {ConflictMarker.analyzeTime=14800, ConflictMarker.markTime=14100, ConflictMarker.nodeCount=2, ConflictIdSorter.graphTime=3100, ConflictIdSorter.topsortTime=7900, ConflictIdSorter.conflictIdCount=1, ConflictIdSorter.conflictIdCycleCount=0, ConflictResolver.totalTime=45700, ConflictResolver.conflictItemCount=1, DfDependencyCollector.collectTime=109100, DfDependencyCollector.transformTime=99500}
[DEBUG] CompilerReuseStrategy: reuseCreated
[DEBUG] useIncrementalCompilation enabled
[INFO] Nothing to compile - all classes are up to date
[INFO] 
[INFO] <<< spring-boot:3.4.3:run (default-cli) < test-compile @ moabackend <<<
[INFO] 
[INFO] 
[INFO] --- spring-boot:3.4.3:run (default-cli) @ moabackend ---
[DEBUG] Dependency collection stats {ConflictMarker.analyzeTime=205000, ConflictMarker.markTime=168700, ConflictMarker.nodeCount=55, ConflictIdSorter.graphTime=40100, ConflictIdSorter.topsortTime=75200, ConflictIdSorter.conflictIdCount=39, ConflictIdSorter.conflictIdCycleCount=0, ConflictResolver.totalTime=965700, ConflictResolver.conflictItemCount=55, DfDependencyCollector.collectTime=119485500, DfDependencyCollector.transformTime=1490600}
[DEBUG] org.springframework.boot:spring-boot-maven-plugin:jar:3.4.3
[DEBUG]    org.springframework.boot:spring-boot-buildpack-platform:jar:3.4.3:runtime
[DEBUG]       com.fasterxml.jackson.core:jackson-databind:jar:2.18.2:runtime
[DEBUG]          com.fasterxml.jackson.core:jackson-annotations:jar:2.18.2:runtime
[DEBUG]          com.fasterxml.jackson.core:jackson-core:jar:2.18.2:runtime
[DEBUG]       com.fasterxml.jackson.module:jackson-module-parameter-names:jar:2.18.2:runtime
[DEBUG]       net.java.dev.jna:jna-platform:jar:5.13.0:runtime
[DEBUG]          net.java.dev.jna:jna:jar:5.13.0:runtime
[DEBUG]       org.apache.commons:commons-compress:jar:1.25.0:runtime
[DEBUG]       org.apache.httpcomponents.client5:httpclient5:jar:5.4.2:runtime
[DEBUG]          org.apache.httpcomponents.core5:httpcore5:jar:5.3.3:runtime
[DEBUG]          org.apache.httpcomponents.core5:httpcore5-h2:jar:5.3.3:runtime
[DEBUG]       org.tomlj:tomlj:jar:1.0.0:runtime
[DEBUG]          org.antlr:antlr4-runtime:jar:4.7.2:runtime
[DEBUG]          com.google.code.findbugs:jsr305:jar:3.0.2:runtime
[DEBUG]    org.springframework.boot:spring-boot-loader-tools:jar:3.4.3:runtime
[DEBUG]    org.apache.maven.shared:maven-common-artifact-filters:jar:3.3.2:runtime
[DEBUG]       org.slf4j:slf4j-api:jar:1.7.36:compile
[DEBUG]    org.sonatype.plexus:plexus-build-api:jar:0.0.7:runtime
[DEBUG]    org.springframework:spring-core:jar:6.2.3:runtime
[DEBUG]       org.springframework:spring-jcl:jar:6.2.3:runtime
[DEBUG]    org.springframework:spring-context:jar:6.2.3:runtime
[DEBUG]       org.springframework:spring-aop:jar:6.2.3:runtime
[DEBUG]       org.springframework:spring-beans:jar:6.2.3:runtime
[DEBUG]       org.springframework:spring-expression:jar:6.2.3:runtime
[DEBUG]       io.micrometer:micrometer-observation:jar:1.14.4:runtime
[DEBUG]          io.micrometer:micrometer-commons:jar:1.14.4:runtime
[DEBUG]    org.apache.maven.plugins:maven-shade-plugin:jar:3.5.0:compile (optional)
[DEBUG]       org.codehaus.plexus:plexus-utils:jar:3.5.1:compile (optional)
[DEBUG]       org.ow2.asm:asm:jar:9.5:compile (optional)
[DEBUG]       org.ow2.asm:asm-commons:jar:9.5:compile (optional)
[DEBUG]          org.ow2.asm:asm-tree:jar:9.5:compile (optional)
[DEBUG]       org.jdom:jdom2:jar:2.0.6.1:compile (optional)
[DEBUG]       org.apache.maven.shared:maven-dependency-tree:jar:3.2.1:compile (optional)
[DEBUG]          org.eclipse.aether:aether-util:jar:1.0.0.v20140518:compile (optional)
[DEBUG]             org.eclipse.aether:aether-api:jar:1.0.0.v20140518:compile (optional)
[DEBUG]       commons-io:commons-io:jar:2.13.0:compile (optional)
[DEBUG]       org.vafer:jdependency:jar:2.8.0:compile (optional)
[DEBUG]       org.apache.commons:commons-collections4:jar:4.4:compile (optional)
[DEBUG] Created new class realm plugin>org.springframework.boot:spring-boot-maven-plugin:3.4.3
[DEBUG] Importing foreign packages into class realm plugin>org.springframework.boot:spring-boot-maven-plugin:3.4.3
[DEBUG]   Imported:  < maven.api
[DEBUG] Populating class realm plugin>org.springframework.boot:spring-boot-maven-plugin:3.4.3
[DEBUG]   Included: org.springframework.boot:spring-boot-maven-plugin:jar:3.4.3
[DEBUG]   Included: org.springframework.boot:spring-boot-buildpack-platform:jar:3.4.3
[DEBUG]   Included: com.fasterxml.jackson.core:jackson-databind:jar:2.18.2
[DEBUG]   Included: com.fasterxml.jackson.core:jackson-annotations:jar:2.18.2
[DEBUG]   Included: com.fasterxml.jackson.core:jackson-core:jar:2.18.2
[DEBUG]   Included: com.fasterxml.jackson.module:jackson-module-parameter-names:jar:2.18.2
[DEBUG]   Included: net.java.dev.jna:jna-platform:jar:5.13.0
[DEBUG]   Included: net.java.dev.jna:jna:jar:5.13.0
[DEBUG]   Included: org.apache.commons:commons-compress:jar:1.25.0
[DEBUG]   Included: org.apache.httpcomponents.client5:httpclient5:jar:5.4.2
[DEBUG]   Included: org.apache.httpcomponents.core5:httpcore5:jar:5.3.3
[DEBUG]   Included: org.apache.httpcomponents.core5:httpcore5-h2:jar:5.3.3
[DEBUG]   Included: org.tomlj:tomlj:jar:1.0.0
[DEBUG]   Included: org.antlr:antlr4-runtime:jar:4.7.2
[DEBUG]   Included: com.google.code.findbugs:jsr305:jar:3.0.2
[DEBUG]   Included: org.springframework.boot:spring-boot-loader-tools:jar:3.4.3
[DEBUG]   Included: org.apache.maven.shared:maven-common-artifact-filters:jar:3.3.2
[DEBUG]   Included: org.sonatype.plexus:plexus-build-api:jar:0.0.7
[DEBUG]   Included: org.springframework:spring-core:jar:6.2.3
[DEBUG]   Included: org.springframework:spring-jcl:jar:6.2.3
[DEBUG]   Included: org.springframework:spring-context:jar:6.2.3
[DEBUG]   Included: org.springframework:spring-aop:jar:6.2.3
[DEBUG]   Included: org.springframework:spring-beans:jar:6.2.3
[DEBUG]   Included: org.springframework:spring-expression:jar:6.2.3
[DEBUG]   Included: io.micrometer:micrometer-observation:jar:1.14.4
[DEBUG]   Included: io.micrometer:micrometer-commons:jar:1.14.4
[DEBUG]   Included: org.apache.maven.plugins:maven-shade-plugin:jar:3.5.0
[DEBUG]   Included: org.codehaus.plexus:plexus-utils:jar:3.5.1
[DEBUG]   Included: org.ow2.asm:asm:jar:9.5
[DEBUG]   Included: org.ow2.asm:asm-commons:jar:9.5
[DEBUG]   Included: org.ow2.asm:asm-tree:jar:9.5
[DEBUG]   Included: org.jdom:jdom2:jar:2.0.6.1
[DEBUG]   Included: org.apache.maven.shared:maven-dependency-tree:jar:3.2.1
[DEBUG]   Included: commons-io:commons-io:jar:2.13.0
[DEBUG]   Included: org.vafer:jdependency:jar:2.8.0
[DEBUG]   Included: org.apache.commons:commons-collections4:jar:4.4
[DEBUG] Loading mojo org.springframework.boot:spring-boot-maven-plugin:3.4.3:run from plugin realm ClassRealm[plugin>org.springframework.boot:spring-boot-maven-plugin:3.4.3, parent: jdk.internal.loader.ClassLoaders$AppClassLoader@73d16e93]
[DEBUG] Configuring mojo execution 'org.springframework.boot:spring-boot-maven-plugin:3.4.3:run:default-cli' with basic configurator -->
[DEBUG]   (f) addResources = false
[DEBUG]   (f) additionalClasspathElements = []
[DEBUG]   (f) agents = []
[DEBUG]   (f) classesDirectory = C:\Users\Mainswitch\Documents\NetBeansProjects\moabackend\target\classes
[DEBUG]   (f) groupId = org.projectlombok
[DEBUG]   (f) artifactId = lombok
[DEBUG]   (f) excludes = [org.springframework.boot.maven.Exclude@6c8dbf56]
[DEBUG]   (f) includes = []
[DEBUG]   (f) optimizedLaunch = true
[DEBUG]   (f) profiles = []
[DEBUG]   (f) project = MavenProject: com.example:moabackend:0.0.1-SNAPSHOT @ C:\Users\Mainswitch\Documents\NetBeansProjects\moabackend\pom.xml
[DEBUG]   (f) session = org.apache.maven.execution.MavenSession@b887730
[DEBUG]   (f) skip = false
[DEBUG]   (f) useTestClasspath = false
[DEBUG] -- end configuration --
[INFO] Attaching agents: []
[DEBUG] JVM argument: -XX:TieredStopAtLevel=1
[DEBUG] Classpath for forked process: C:\Users\Mainswitch\Documents\NetBeansProjects\moabackend\target\classes;C:\Users\Mainswitch\.m2\repository\org\springframework\boot\spring-boot\3.4.3\spring-boot-3.4.3.jar;C:\Users\Mainswitch\.m2\repository\org\springframework\boot\spring-boot-autoconfigure\3.4.3\spring-boot-autoconfigure-3.4.3.jar;C:\Users\Mainswitch\.m2\repository\ch\qos\logback\logback-classic\1.5.16\logback-classic-1.5.16.jar;C:\Users\Mainswitch\.m2\repository\ch\qos\logback\logback-core\1.5.16\logback-core-1.5.16.jar;C:\Users\Mainswitch\.m2\repository\org\apache\logging\log4j\log4j-to-slf4j\2.24.3\log4j-to-slf4j-2.24.3.jar;C:\Users\Mainswitch\.m2\repository\org\apache\logging\log4j\log4j-api\2.24.3\log4j-api-2.24.3.jar;C:\Users\Mainswitch\.m2\repository\org\slf4j\jul-to-slf4j\2.0.16\jul-to-slf4j-2.0.16.jar;C:\Users\Mainswitch\.m2\repository\jakarta\annotation\jakarta.annotation-api\2.1.1\jakarta.annotation-api-2.1.1.jar;C:\Users\Mainswitch\.m2\repository\org\yaml\snakeyaml\2.3\snakeyaml-2.3.jar;C:\Users\Mainswitch\.m2\repository\com\zaxxer\HikariCP\5.1.0\HikariCP-5.1.0.jar;C:\Users\Mainswitch\.m2\repository\org\springframework\spring-jdbc\6.2.3\spring-jdbc-6.2.3.jar;C:\Users\Mainswitch\.m2\repository\org\hibernate\orm\hibernate-core\6.6.8.Final\hibernate-core-6.6.8.Final.jar;C:\Users\Mainswitch\.m2\repository\jakarta\persistence\jakarta.persistence-api\3.1.0\jakarta.persistence-api-3.1.0.jar;C:\Users\Mainswitch\.m2\repository\jakarta\transaction\jakarta.transaction-api\2.0.1\jakarta.transaction-api-2.0.1.jar;C:\Users\Mainswitch\.m2\repository\org\jboss\logging\jboss-logging\3.6.1.Final\jboss-logging-3.6.1.Final.jar;C:\Users\Mainswitch\.m2\repository\org\hibernate\common\hibernate-commons-annotations\7.0.3.Final\hibernate-commons-annotations-7.0.3.Final.jar;C:\Users\Mainswitch\.m2\repository\io\smallrye\jandex\3.2.0\jandex-3.2.0.jar;C:\Users\Mainswitch\.m2\repository\com\fasterxml\classmate\1.7.0\classmate-1.7.0.jar;C:\Users\Mainswitch\.m2\repository\net\bytebuddy\byte-buddy\1.15.11\byte-buddy-1.15.11.jar;C:\Users\Mainswitch\.m2\repository\org\glassfish\jaxb\jaxb-runtime\4.0.5\jaxb-runtime-4.0.5.jar;C:\Users\Mainswitch\.m2\repository\org\glassfish\jaxb\jaxb-core\4.0.5\jaxb-core-4.0.5.jar;C:\Users\Mainswitch\.m2\repository\org\eclipse\angus\angus-activation\2.0.2\angus-activation-2.0.2.jar;C:\Users\Mainswitch\.m2\repository\org\glassfish\jaxb\txw2\4.0.5\txw2-4.0.5.jar;C:\Users\Mainswitch\.m2\repository\com\sun\istack\istack-commons-runtime\4.1.2\istack-commons-runtime-4.1.2.jar;C:\Users\Mainswitch\.m2\repository\jakarta\inject\jakarta.inject-api\2.0.1\jakarta.inject-api-2.0.1.jar;C:\Users\Mainswitch\.m2\repository\org\antlr\antlr4-runtime\4.13.0\antlr4-runtime-4.13.0.jar;C:\Users\Mainswitch\.m2\repository\org\springframework\data\spring-data-jpa\3.4.3\spring-data-jpa-3.4.3.jar;C:\Users\Mainswitch\.m2\repository\org\springframework\data\spring-data-commons\3.4.3\spring-data-commons-3.4.3.jar;C:\Users\Mainswitch\.m2\repository\org\springframework\spring-orm\6.2.3\spring-orm-6.2.3.jar;C:\Users\Mainswitch\.m2\repository\org\springframework\spring-context\6.2.3\spring-context-6.2.3.jar;C:\Users\Mainswitch\.m2\repository\org\springframework\spring-aop\6.2.3\spring-aop-6.2.3.jar;C:\Users\Mainswitch\.m2\repository\org\springframework\spring-tx\6.2.3\spring-tx-6.2.3.jar;C:\Users\Mainswitch\.m2\repository\org\springframework\spring-beans\6.2.3\spring-beans-6.2.3.jar;C:\Users\Mainswitch\.m2\repository\org\slf4j\slf4j-api\2.0.16\slf4j-api-2.0.16.jar;C:\Users\Mainswitch\.m2\repository\org\springframework\spring-aspects\6.2.3\spring-aspects-6.2.3.jar;C:\Users\Mainswitch\.m2\repository\org\aspectj\aspectjweaver\1.9.22.1\aspectjweaver-1.9.22.1.jar;C:\Users\Mainswitch\.m2\repository\com\fasterxml\jackson\core\jackson-databind\2.18.2\jackson-databind-2.18.2.jar;C:\Users\Mainswitch\.m2\repository\com\fasterxml\jackson\core\jackson-annotations\2.18.2\jackson-annotations-2.18.2.jar;C:\Users\Mainswitch\.m2\repository\com\fasterxml\jackson\core\jackson-core\2.18.2\jackson-core-2.18.2.jar;C:\Users\Mainswitch\.m2\repository\com\fasterxml\jackson\datatype\jackson-datatype-jdk8\2.18.2\jackson-datatype-jdk8-2.18.2.jar;C:\Users\Mainswitch\.m2\repository\com\fasterxml\jackson\datatype\jackson-datatype-jsr310\2.18.2\jackson-datatype-jsr310-2.18.2.jar;C:\Users\Mainswitch\.m2\repository\com\fasterxml\jackson\module\jackson-module-parameter-names\2.18.2\jackson-module-parameter-names-2.18.2.jar;C:\Users\Mainswitch\.m2\repository\org\apache\tomcat\embed\tomcat-embed-core\10.1.36\tomcat-embed-core-10.1.36.jar;C:\Users\Mainswitch\.m2\repository\org\apache\tomcat\embed\tomcat-embed-el\10.1.36\tomcat-embed-el-10.1.36.jar;C:\Users\Mainswitch\.m2\repository\org\apache\tomcat\embed\tomcat-embed-websocket\10.1.36\tomcat-embed-websocket-10.1.36.jar;C:\Users\Mainswitch\.m2\repository\org\springframework\spring-web\6.2.3\spring-web-6.2.3.jar;C:\Users\Mainswitch\.m2\repository\io\micrometer\micrometer-observation\1.14.4\micrometer-observation-1.14.4.jar;C:\Users\Mainswitch\.m2\repository\io\micrometer\micrometer-commons\1.14.4\micrometer-commons-1.14.4.jar;C:\Users\Mainswitch\.m2\repository\org\springframework\spring-webmvc\6.2.3\spring-webmvc-6.2.3.jar;C:\Users\Mainswitch\.m2\repository\org\springframework\spring-expression\6.2.3\spring-expression-6.2.3.jar;C:\Users\Mainswitch\.m2\repository\com\h2database\h2\2.3.232\h2-2.3.232.jar;C:\Users\Mainswitch\.m2\repository\jakarta\xml\bind\jakarta.xml.bind-api\4.0.2\jakarta.xml.bind-api-4.0.2.jar;C:\Users\Mainswitch\.m2\repository\jakarta\activation\jakarta.activation-api\2.1.3\jakarta.activation-api-2.1.3.jar;C:\Users\Mainswitch\.m2\repository\org\springframework\spring-core\6.2.3\spring-core-6.2.3.jar;C:\Users\Mainswitch\.m2\repository\org\springframework\spring-jcl\6.2.3\spring-jcl-6.2.3.jar;C:\Users\Mainswitch\.m2\repository\javax\persistence\javax.persistence-api\2.2\javax.persistence-api-2.2.jar
[DEBUG] Application arguments: 
[DEBUG] Working directory: C:\Users\Mainswitch\Documents\NetBeansProjects\moabackend
[DEBUG] Java arguments: -XX:TieredStopAtLevel=1 -cp @C:\Users\MAINSW~1\AppData\Local\Temp\spring-boot-11682440274626398886.argfile com.example.moabackend.MoaBackendApplication
[DEBUG] Environment variables: 

  .   ____          _            __ _ _
 /\\ / ___'_ __ _ _(_)_ __  __ _ \ \ \ \
( ( )\___ | '_ | '_| | '_ \/ _` | \ \ \ \
 \\/  ___)| |_)| | | | | || (_| |  ) ) ) )
  '  |____| .__|_| |_|_| |_\__, | / / / /
 =========|_|==============|___/=/_/_/_/

 :: Spring Boot ::                (v3.4.3)

2025-03-05T21:13:36.236+02:00  INFO 9864 --- [           main] c.e.moabackend.MoaBackendApplication     : Starting MoaBackendApplication using Java 17.0.14 with PID 9864 (C:\Users\Mainswitch\Documents\NetBeansProjects\moabackend\target\classes started by Mainswitch in C:\Users\Mainswitch\Documents\NetBeansProjects\moabackend)
2025-03-05T21:13:36.238+02:00  INFO 9864 --- [           main] c.e.moabackend.MoaBackendApplication     : No active profile set, falling back to 1 default profile: "default"
2025-03-05T21:13:37.156+02:00  INFO 9864 --- [           main] .s.d.r.c.RepositoryConfigurationDelegate : Bootstrapping Spring Data JPA repositories in DEFAULT mode.
2025-03-05T21:13:37.222+02:00  INFO 9864 --- [           main] .s.d.r.c.RepositoryConfigurationDelegate : Finished Spring Data repository scanning in 55 ms. Found 1 JPA repository interface.
2025-03-05T21:13:37.913+02:00  INFO 9864 --- [           main] o.s.b.w.embedded.tomcat.TomcatWebServer  : Tomcat initialized with port 8080 (http)
2025-03-05T21:13:37.928+02:00  INFO 9864 --- [           main] o.apache.catalina.core.StandardService   : Starting service [Tomcat]
2025-03-05T21:13:37.929+02:00  INFO 9864 --- [           main] o.apache.catalina.core.StandardEngine    : Starting Servlet engine: [Apache Tomcat/10.1.36]
2025-03-05T21:13:38.064+02:00  INFO 9864 --- [           main] o.a.c.c.C.[Tomcat].[localhost].[/]       : Initializing Spring embedded WebApplicationContext
2025-03-05T21:13:38.068+02:00  INFO 9864 --- [           main] w.s.c.ServletWebServerApplicationContext : Root WebApplicationContext: initialization completed in 1743 ms
2025-03-05T21:13:38.277+02:00  INFO 9864 --- [           main] com.zaxxer.hikari.HikariDataSource       : HikariPool-1 - Starting...
2025-03-05T21:13:38.529+02:00  INFO 9864 --- [           main] com.zaxxer.hikari.pool.HikariPool        : HikariPool-1 - Added connection conn0: url=jdbc:h2:mem:moabackend user=SA
2025-03-05T21:13:38.531+02:00  INFO 9864 --- [           main] com.zaxxer.hikari.HikariDataSource       : HikariPool-1 - Start completed.
2025-03-05T21:13:38.607+02:00  INFO 9864 --- [           main] o.hibernate.jpa.internal.util.LogHelper  : HHH000204: Processing PersistenceUnitInfo [name: default]
2025-03-05T21:13:38.676+02:00  INFO 9864 --- [           main] org.hibernate.Version                    : HHH000412: Hibernate ORM core version 6.6.8.Final
2025-03-05T21:13:38.722+02:00  INFO 9864 --- [           main] o.h.c.internal.RegionFactoryInitiator    : HHH000026: Second-level cache disabled
2025-03-05T21:13:39.098+02:00  INFO 9864 --- [           main] o.s.o.j.p.SpringPersistenceUnitInfo      : No LoadTimeWeaver setup: ignoring JPA class transformer
2025-03-05T21:13:39.157+02:00  WARN 9864 --- [           main] org.hibernate.orm.deprecation            : HHH90000025: H2Dialect does not need to be specified explicitly using 'hibernate.dialect' (remove the property setting and it will be selected by default)
2025-03-05T21:13:39.192+02:00  INFO 9864 --- [           main] org.hibernate.orm.connections.pooling    : HHH10001005: Database info:
	Database JDBC URL [Connecting through datasource 'HikariDataSource (HikariPool-1)']
	Database driver: undefined/unknown
	Database version: 2.3.232
	Autocommit mode: undefined/unknown
	Isolation level: undefined/unknown
	Minimum pool size: undefined/unknown
	Maximum pool size: undefined/unknown
2025-03-05T21:13:39.618+02:00  INFO 9864 --- [           main] o.h.e.t.j.p.i.JtaPlatformInitiator       : HHH000489: No JTA platform available (set 'hibernate.transaction.jta.platform' to enable JTA platform integration)
2025-03-05T21:13:39.624+02:00  INFO 9864 --- [           main] j.LocalContainerEntityManagerFactoryBean : Initialized JPA EntityManagerFactory for persistence unit 'default'
2025-03-05T21:13:39.827+02:00  WARN 9864 --- [           main] ConfigServletWebServerApplicationContext : Exception encountered during context initialization - cancelling refresh attempt: org.springframework.beans.factory.UnsatisfiedDependencyException: Error creating bean with name 'applicationController': Unsatisfied dependency expressed through field 'applicationRepository': Error creating bean with name 'applicationRepository' defined in com.example.moabackend.repository.ApplicationRepository defined in @EnableJpaRepositories declared on JpaRepositoriesRegistrar.EnableJpaRepositoriesConfiguration: Not a managed type: class com.example.moabackend.model.Application
2025-03-05T21:13:39.828+02:00  INFO 9864 --- [           main] j.LocalContainerEntityManagerFactoryBean : Closing JPA EntityManagerFactory for persistence unit 'default'
2025-03-05T21:13:39.835+02:00  INFO 9864 --- [           main] com.zaxxer.hikari.HikariDataSource       : HikariPool-1 - Shutdown initiated...
2025-03-05T21:13:39.839+02:00  INFO 9864 --- [           main] com.zaxxer.hikari.HikariDataSource       : HikariPool-1 - Shutdown completed.
2025-03-05T21:13:39.846+02:00  INFO 9864 --- [           main] o.apache.catalina.core.StandardService   : Stopping service [Tomcat]
2025-03-05T21:13:39.868+02:00  INFO 9864 --- [           main] .s.b.a.l.ConditionEvaluationReportLogger : 

Error starting ApplicationContext. To display the condition evaluation report re-run your application with 'debug' enabled.
2025-03-05T21:13:39.898+02:00 ERROR 9864 --- [           main] o.s.boot.SpringApplication               : Application run failed

org.springframework.beans.factory.UnsatisfiedDependencyException: Error creating bean with name 'applicationController': Unsatisfied dependency expressed through field 'applicationRepository': Error creating bean with name 'applicationRepository' defined in com.example.moabackend.repository.ApplicationRepository defined in @EnableJpaRepositories declared on JpaRepositoriesRegistrar.EnableJpaRepositoriesConfiguration: Not a managed type: class com.example.moabackend.model.Application
	at org.springframework.beans.factory.annotation.AutowiredAnnotationBeanPostProcessor$AutowiredFieldElement.resolveFieldValue(AutowiredAnnotationBeanPostProcessor.java:788) ~[spring-beans-6.2.3.jar:6.2.3]
	at org.springframework.beans.factory.annotation.AutowiredAnnotationBeanPostProcessor$AutowiredFieldElement.inject(AutowiredAnnotationBeanPostProcessor.java:768) ~[spring-beans-6.2.3.jar:6.2.3]
	at org.springframework.beans.factory.annotation.InjectionMetadata.inject(InjectionMetadata.java:146) ~[spring-beans-6.2.3.jar:6.2.3]
	at org.springframework.beans.factory.annotation.AutowiredAnnotationBeanPostProcessor.postProcessProperties(AutowiredAnnotationBeanPostProcessor.java:509) ~[spring-beans-6.2.3.jar:6.2.3]
	at org.springframework.beans.factory.support.AbstractAutowireCapableBeanFactory.populateBean(AbstractAutowireCapableBeanFactory.java:1445) ~[spring-beans-6.2.3.jar:6.2.3]
	at org.springframework.beans.factory.support.AbstractAutowireCapableBeanFactory.doCreateBean(AbstractAutowireCapableBeanFactory.java:600) ~[spring-beans-6.2.3.jar:6.2.3]
	at org.springframework.beans.factory.support.AbstractAutowireCapableBeanFactory.createBean(AbstractAutowireCapableBeanFactory.java:523) ~[spring-beans-6.2.3.jar:6.2.3]
	at org.springframework.beans.factory.support.AbstractBeanFactory.lambda$doGetBean$0(AbstractBeanFactory.java:339) ~[spring-beans-6.2.3.jar:6.2.3]
	at org.springframework.beans.factory.support.DefaultSingletonBeanRegistry.getSingleton(DefaultSingletonBeanRegistry.java:346) ~[spring-beans-6.2.3.jar:6.2.3]
	at org.springframework.beans.factory.support.AbstractBeanFactory.doGetBean(AbstractBeanFactory.java:337) ~[spring-beans-6.2.3.jar:6.2.3]
	at org.springframework.beans.factory.support.AbstractBeanFactory.getBean(AbstractBeanFactory.java:202) ~[spring-beans-6.2.3.jar:6.2.3]
	at org.springframework.beans.factory.support.DefaultListableBeanFactory.instantiateSingleton(DefaultListableBeanFactory.java:1155) ~[spring-beans-6.2.3.jar:6.2.3]
	at org.springframework.beans.factory.support.DefaultListableBeanFactory.preInstantiateSingleton(DefaultListableBeanFactory.java:1121) ~[spring-beans-6.2.3.jar:6.2.3]
	at org.springframework.beans.factory.support.DefaultListableBeanFactory.preInstantiateSingletons(DefaultListableBeanFactory.java:1056) ~[spring-beans-6.2.3.jar:6.2.3]
	at org.springframework.context.support.AbstractApplicationContext.finishBeanFactoryInitialization(AbstractApplicationContext.java:987) ~[spring-context-6.2.3.jar:6.2.3]
	at org.springframework.context.support.AbstractApplicationContext.refresh(AbstractApplicationContext.java:627) ~[spring-context-6.2.3.jar:6.2.3]
	at org.springframework.boot.web.servlet.context.ServletWebServerApplicationContext.refresh(ServletWebServerApplicationContext.java:146) ~[spring-boot-3.4.3.jar:3.4.3]
	at org.springframework.boot.SpringApplication.refresh(SpringApplication.java:752) ~[spring-boot-3.4.3.jar:3.4.3]
	at org.springframework.boot.SpringApplication.refreshContext(SpringApplication.java:439) ~[spring-boot-3.4.3.jar:3.4.3]
	at org.springframework.boot.SpringApplication.run(SpringApplication.java:318) ~[spring-boot-3.4.3.jar:3.4.3]
	at org.springframework.boot.SpringApplication.run(SpringApplication.java:1361) ~[spring-boot-3.4.3.jar:3.4.3]
	at org.springframework.boot.SpringApplication.run(SpringApplication.java:1350) ~[spring-boot-3.4.3.jar:3.4.3]
	at com.example.moabackend.MoaBackendApplication.main(MoaBackendApplication.java:9) ~[classes/:na]
Caused by: org.springframework.beans.factory.BeanCreationException: Error creating bean with name 'applicationRepository' defined in com.example.moabackend.repository.ApplicationRepository defined in @EnableJpaRepositories declared on JpaRepositoriesRegistrar.EnableJpaRepositoriesConfiguration: Not a managed type: class com.example.moabackend.model.Application
	at org.springframework.beans.factory.support.AbstractAutowireCapableBeanFactory.initializeBean(AbstractAutowireCapableBeanFactory.java:1812) ~[spring-beans-6.2.3.jar:6.2.3]
	at org.springframework.beans.factory.support.AbstractAutowireCapableBeanFactory.doCreateBean(AbstractAutowireCapableBeanFactory.java:601) ~[spring-beans-6.2.3.jar:6.2.3]
	at org.springframework.beans.factory.support.AbstractAutowireCapableBeanFactory.createBean(AbstractAutowireCapableBeanFactory.java:523) ~[spring-beans-6.2.3.jar:6.2.3]
	at org.springframework.beans.factory.support.AbstractBeanFactory.lambda$doGetBean$0(AbstractBeanFactory.java:339) ~[spring-beans-6.2.3.jar:6.2.3]
	at org.springframework.beans.factory.support.DefaultSingletonBeanRegistry.getSingleton(DefaultSingletonBeanRegistry.java:346) ~[spring-beans-6.2.3.jar:6.2.3]
	at org.springframework.beans.factory.support.AbstractBeanFactory.doGetBean(AbstractBeanFactory.java:337) ~[spring-beans-6.2.3.jar:6.2.3]
	at org.springframework.beans.factory.support.AbstractBeanFactory.getBean(AbstractBeanFactory.java:202) ~[spring-beans-6.2.3.jar:6.2.3]
	at org.springframework.beans.factory.support.DefaultListableBeanFactory.doResolveDependency(DefaultListableBeanFactory.java:1606) ~[spring-beans-6.2.3.jar:6.2.3]
	at org.springframework.beans.factory.support.DefaultListableBeanFactory.resolveDependency(DefaultListableBeanFactory.java:1552) ~[spring-beans-6.2.3.jar:6.2.3]
	at org.springframework.beans.factory.annotation.AutowiredAnnotationBeanPostProcessor$AutowiredFieldElement.resolveFieldValue(AutowiredAnnotationBeanPostProcessor.java:785) ~[spring-beans-6.2.3.jar:6.2.3]
	... 22 common frames omitted
Caused by: java.lang.IllegalArgumentException: Not a managed type: class com.example.moabackend.model.Application
	at org.hibernate.metamodel.model.domain.internal.JpaMetamodelImpl.managedType(JpaMetamodelImpl.java:223) ~[hibernate-core-6.6.8.Final.jar:6.6.8.Final]
	at org.hibernate.metamodel.model.domain.internal.MappingMetamodelImpl.managedType(MappingMetamodelImpl.java:470) ~[hibernate-core-6.6.8.Final.jar:6.6.8.Final]
	at org.hibernate.metamodel.model.domain.internal.MappingMetamodelImpl.managedType(MappingMetamodelImpl.java:100) ~[hibernate-core-6.6.8.Final.jar:6.6.8.Final]
	at org.springframework.data.jpa.repository.support.JpaMetamodelEntityInformation.<init>(JpaMetamodelEntityInformation.java:82) ~[spring-data-jpa-3.4.3.jar:3.4.3]
	at org.springframework.data.jpa.repository.support.JpaEntityInformationSupport.getEntityInformation(JpaEntityInformationSupport.java:69) ~[spring-data-jpa-3.4.3.jar:3.4.3]
	at org.springframework.data.jpa.repository.support.JpaRepositoryFactory.getEntityInformation(JpaRepositoryFactory.java:251) ~[spring-data-jpa-3.4.3.jar:3.4.3]
	at org.springframework.data.jpa.repository.support.JpaRepositoryFactory.getTargetRepository(JpaRepositoryFactory.java:215) ~[spring-data-jpa-3.4.3.jar:3.4.3]
	at org.springframework.data.jpa.repository.support.JpaRepositoryFactory.getTargetRepository(JpaRepositoryFactory.java:198) ~[spring-data-jpa-3.4.3.jar:3.4.3]
	at org.springframework.data.jpa.repository.support.JpaRepositoryFactory.getTargetRepository(JpaRepositoryFactory.java:1) ~[spring-data-jpa-3.4.3.jar:3.4.3]
	at org.springframework.data.repository.core.support.RepositoryFactorySupport.getRepository(RepositoryFactorySupport.java:386) ~[spring-data-commons-3.4.3.jar:3.4.3]
	at org.springframework.data.repository.core.support.RepositoryFactoryBeanSupport.lambda$afterPropertiesSet$4(RepositoryFactoryBeanSupport.java:350) ~[spring-data-commons-3.4.3.jar:3.4.3]
	at org.springframework.data.util.Lazy.getNullable(Lazy.java:135) ~[spring-data-commons-3.4.3.jar:3.4.3]
	at org.springframework.data.util.Lazy.get(Lazy.java:113) ~[spring-data-commons-3.4.3.jar:3.4.3]
	at org.springframework.data.repository.core.support.RepositoryFactoryBeanSupport.afterPropertiesSet(RepositoryFactoryBeanSupport.java:356) ~[spring-data-commons-3.4.3.jar:3.4.3]
	at org.springframework.data.jpa.repository.support.JpaRepositoryFactoryBean.afterPropertiesSet(JpaRepositoryFactoryBean.java:132) ~[spring-data-jpa-3.4.3.jar:3.4.3]
	at org.springframework.beans.factory.support.AbstractAutowireCapableBeanFactory.invokeInitMethods(AbstractAutowireCapableBeanFactory.java:1859) ~[spring-beans-6.2.3.jar:6.2.3]
	at org.springframework.beans.factory.support.AbstractAutowireCapableBeanFactory.initializeBean(AbstractAutowireCapableBeanFactory.java:1808) ~[spring-beans-6.2.3.jar:6.2.3]
	... 31 common frames omitted

[INFO] ------------------------------------------------------------------------
[INFO] BUILD FAILURE
[INFO] ------------------------------------------------------------------------
[INFO] Total time:  7.709 s
[INFO] Finished at: 2025-03-05T21:13:39+02:00
[INFO] ------------------------------------------------------------------------
[ERROR] Failed to execute goal org.springframework.boot:spring-boot-maven-plugin:3.4.3:run (default-cli) on project moabackend: Process terminated with exit code: 1 -> [Help 1]
org.apache.maven.lifecycle.LifecycleExecutionException: Failed to execute goal org.springframework.boot:spring-boot-maven-plugin:3.4.3:run (default-cli) on project moabackend: Process terminated with exit code: 1
    at org.apache.maven.lifecycle.internal.MojoExecutor.doExecute2 (MojoExecutor.java:333)
    at org.apache.maven.lifecycle.internal.MojoExecutor.doExecute (MojoExecutor.java:316)
    at org.apache.maven.lifecycle.internal.MojoExecutor.execute (MojoExecutor.java:212)
    at org.apache.maven.lifecycle.internal.MojoExecutor.execute (MojoExecutor.java:174)
    at org.apache.maven.lifecycle.internal.MojoExecutor.access$000 (MojoExecutor.java:75)
    at org.apache.maven.lifecycle.internal.MojoExecutor$1.run (MojoExecutor.java:162)
    at org.apache.maven.plugin.DefaultMojosExecutionStrategy.execute (DefaultMojosExecutionStrategy.java:39)
    at org.apache.maven.lifecycle.internal.MojoExecutor.execute (MojoExecutor.java:159)
    at org.apache.maven.lifecycle.internal.LifecycleModuleBuilder.buildProject (LifecycleModuleBuilder.java:105)
    at org.apache.maven.lifecycle.internal.LifecycleModuleBuilder.buildProject (LifecycleModuleBuilder.java:73)
    at org.apache.maven.lifecycle.internal.builder.singlethreaded.SingleThreadedBuilder.build (SingleThreadedBuilder.java:53)
    at org.apache.maven.lifecycle.internal.LifecycleStarter.execute (LifecycleStarter.java:118)
    at org.apache.maven.DefaultMaven.doExecute (DefaultMaven.java:261)
    at org.apache.maven.DefaultMaven.doExecute (DefaultMaven.java:173)
    at org.apache.maven.DefaultMaven.execute (DefaultMaven.java:101)
    at org.apache.maven.cli.MavenCli.execute (MavenCli.java:906)
    at org.apache.maven.cli.MavenCli.doMain (MavenCli.java:283)
    at org.apache.maven.cli.MavenCli.main (MavenCli.java:206)
    at jdk.internal.reflect.NativeMethodAccessorImpl.invoke0 (Native Method)
    at jdk.internal.reflect.NativeMethodAccessorImpl.invoke (NativeMethodAccessorImpl.java:77)
    at jdk.internal.reflect.DelegatingMethodAccessorImpl.invoke (DelegatingMethodAccessorImpl.java:43)
    at java.lang.reflect.Method.invoke (Method.java:569)
    at org.codehaus.plexus.classworlds.launcher.Launcher.launchEnhanced (Launcher.java:283)
    at org.codehaus.plexus.classworlds.launcher.Launcher.launch (Launcher.java:226)
    at org.codehaus.plexus.classworlds.launcher.Launcher.mainWithExitCode (Launcher.java:407)
    at org.codehaus.plexus.classworlds.launcher.Launcher.main (Launcher.java:348)
Caused by: org.apache.maven.plugin.MojoExecutionException: Process terminated with exit code: 1
    at org.springframework.boot.maven.JavaProcessExecutor.run (JavaProcessExecutor.java:74)
    at org.springframework.boot.maven.RunMojo.run (RunMojo.java:76)
    at org.springframework.boot.maven.AbstractRunMojo.run (AbstractRunMojo.java:251)
    at org.springframework.boot.maven.AbstractRunMojo.execute (AbstractRunMojo.java:214)
    at org.apache.maven.plugin.DefaultBuildPluginManager.executeMojo (DefaultBuildPluginManager.java:126)
    at org.apache.maven.lifecycle.internal.MojoExecutor.doExecute2 (MojoExecutor.java:328)
    at org.apache.maven.lifecycle.internal.MojoExecutor.doExecute (MojoExecutor.java:316)
    at org.apache.maven.lifecycle.internal.MojoExecutor.execute (MojoExecutor.java:212)
    at org.apache.maven.lifecycle.internal.MojoExecutor.execute (MojoExecutor.java:174)
    at org.apache.maven.lifecycle.internal.MojoExecutor.access$000 (MojoExecutor.java:75)
    at org.apache.maven.lifecycle.internal.MojoExecutor$1.run (MojoExecutor.java:162)
    at org.apache.maven.plugin.DefaultMojosExecutionStrategy.execute (DefaultMojosExecutionStrategy.java:39)
    at org.apache.maven.lifecycle.internal.MojoExecutor.execute (MojoExecutor.java:159)
    at org.apache.maven.lifecycle.internal.LifecycleModuleBuilder.buildProject (LifecycleModuleBuilder.java:105)
    at org.apache.maven.lifecycle.internal.LifecycleModuleBuilder.buildProject (LifecycleModuleBuilder.java:73)
    at org.apache.maven.lifecycle.internal.builder.singlethreaded.SingleThreadedBuilder.build (SingleThreadedBuilder.java:53)
    at org.apache.maven.lifecycle.internal.LifecycleStarter.execute (LifecycleStarter.java:118)
    at org.apache.maven.DefaultMaven.doExecute (DefaultMaven.java:261)
    at org.apache.maven.DefaultMaven.doExecute (DefaultMaven.java:173)
    at org.apache.maven.DefaultMaven.execute (DefaultMaven.java:101)
    at org.apache.maven.cli.MavenCli.execute (MavenCli.java:906)
    at org.apache.maven.cli.MavenCli.doMain (MavenCli.java:283)
    at org.apache.maven.cli.MavenCli.main (MavenCli.java:206)
    at jdk.internal.reflect.NativeMethodAccessorImpl.invoke0 (Native Method)
    at jdk.internal.reflect.NativeMethodAccessorImpl.invoke (NativeMethodAccessorImpl.java:77)
    at jdk.internal.reflect.DelegatingMethodAccessorImpl.invoke (DelegatingMethodAccessorImpl.java:43)
    at java.lang.reflect.Method.invoke (Method.java:569)
    at org.codehaus.plexus.classworlds.launcher.Launcher.launchEnhanced (Launcher.java:283)
    at org.codehaus.plexus.classworlds.launcher.Launcher.launch (Launcher.java:226)
    at org.codehaus.plexus.classworlds.launcher.Launcher.mainWithExitCode (Launcher.java:407)
    at org.codehaus.plexus.classworlds.launcher.Launcher.main (Launcher.java:348)
[ERROR] 
[ERROR] 
[ERROR] For more information about the errors and possible solutions, please read the following articles:
[ERROR] [Help 1] http://cwiki.apache.org/confluence/display/MAVEN/MojoExecutionException
[DEBUG] Shutting down adapter factory; available factories [file-lock, rwlock-local, semaphore-local, noop]; available name mappers [discriminating, file-gav, file-hgav, file-static, gav, static]
[DEBUG] Shutting down 'file-lock' factory
[DEBUG] Shutting down 'rwlock-local' factory
[DEBUG] Shutting down 'semaphore-local' factory
[DEBUG] Shutting down 'noop' factory
